<?xml version='1.0' encoding='ISO-8859-1' ?>
<File Type='Page' Version='2.1.0'>
<Control Type='Page' Name='[Scheduler] Edit Event Days' Transition='0' TransitionDuration='0.01'>
<Position Units='Pixels' X='0' Y='0' />
<Size Units='Pixels' Width='320' Height='460' />
<VisualStyles>
<VisualStyle>
<Background>
<Color  R='0' G='0' B='0' A='1' />
</Background>
<Image Id='11' />
</VisualStyle>
</VisualStyles>
<Bindings>
<Binding Id='42' Property='PageFlip'/>
</Bindings>
<Commands>
<Command Action='PageJoin' Id='42' Type='Digital' />
</Commands>
<Control Type='Button' Name='Image'>
<Position Units='Pixels' X='0' Y='47' />
<Size Units='Pixels' Width='320' Height='319' />
<VisualStyles>
<VisualStyle State='0' Mode='0'>
<Image Id='41' Alpha='1' />
</VisualStyle>
</VisualStyles>
</Control>
<Control Type='Button' Name='Text'>
<Position Units='Pixels' X='5' Y='211' />
<Size Units='Pixels' Width='310' Height='59' />
<VisualStyles>
<VisualStyle State='0' Mode='0'>
<Text Id='73' FontId='2' Alignment='CenterCenter' Wrap='False'>
<Color  R='1' G='1' B='1' A='1' />
</Text>
</VisualStyle>
</VisualStyles>
</Control>
<Control Type='Button' Name='Image'>
<Position Units='Pixels' X='0' Y='368' />
<Size Units='Pixels' Width='320' Height='48' />
<VisualStyles>
<VisualStyle State='0' Mode='0'>
<Image Id='12' Alpha='1' />
</VisualStyle>
</VisualStyles>
</Control>
<Control Type='Button' Name='Button'>
<Position Units='Pixels' X='22' Y='370' />
<Size Units='Pixels' Width='78' Height='40' />
<VisualStyles>
<VisualStyle State='0' Mode='0'>
<Face Type='2D'>
<Color  R='0' G='0' B='0.627451' A='0' />
</Face>
<Image Id='13' Alpha='1' />
<Text Id='74' FontId='3' Alignment='CenterCenter' Wrap='False'>
<Color  R='0' G='0' B='0' A='1' />
</Text>
</VisualStyle>
<VisualStyle State='1' Mode='0'>
<Face Type='2D'>
<Color  R='1' G='1' B='1' A='0' />
</Face>
<Image Id='14' Alpha='1' />
<Text Id='74' FontId='3' Alignment='CenterCenter' Wrap='False'>
<Color  R='1' G='1' B='1' A='1' />
</Text>
</VisualStyle>
</VisualStyles>
<Commands>
<Command Action='TouchDown' PageFlip='[Scheduler] Edit' Transition='0' TransitionDuration='-1' />
</Commands>
</Control>
<Control Type='Button' Name='Image'>
<Position Units='Pixels' X='15' Y='78' />
<Size Units='Pixels' Width='196' Height='122' />
<VisualStyles>
<VisualStyle State='0' Mode='0'>
<Image Id='15' Alpha='1' />
</VisualStyle>
</VisualStyles>
</Control>
<Control Type='Button' Name='Image'>
<Position Units='Pixels' X='12' Y='75' />
<Size Units='Pixels' Width='202' Height='129' />
<VisualStyles>
<VisualStyle State='0' Mode='0'>
<Image Id='15' Alpha='1' />
</VisualStyle>
</VisualStyles>
</Control>
<Control Type='Button' Name='Image'>
<Position Units='Pixels' X='0' Y='0' />
<Size Units='Pixels' Width='320' Height='46' />
<VisualStyles>
<VisualStyle State='0' Mode='0'>
<Image Id='4' Alpha='1' />
</VisualStyle>
</VisualStyles>
</Control>
<Control Type='Button' Name='Button'>
<Position Units='Pixels' X='220' Y='370' />
<Size Units='Pixels' Width='78' Height='40' />
<VisualStyles>
<VisualStyle State='0' Mode='0'>
<Face Type='2D'>
<Color  R='0' G='0' B='0.627451' A='0' />
</Face>
<Image Id='13' Alpha='1' />
<Text Id='69' FontId='3' Alignment='CenterCenter' Wrap='False'>
<Color  R='0' G='0' B='0' A='1' />
</Text>
</VisualStyle>
<VisualStyle State='1' Mode='0'>
<Face Type='2D'>
<Color  R='1' G='1' B='1' A='0' />
</Face>
<Image Id='14' Alpha='1' />
<Text Id='69' FontId='3' Alignment='CenterCenter' Wrap='False'>
<Color  R='1' G='1' B='1' A='1' />
</Text>
</VisualStyle>
</VisualStyles>
<Commands>
<Command Action='TouchDown' PageFlip='[Scheduler] Edit Event Months' Transition='0' TransitionDuration='-1' />
</Commands>
</Control>
<Control Type='Button' Name='Image'>
<Position Units='Pixels' X='80' Y='5' />
<Size Units='Pixels' Width='160' Height='34' />
<VisualStyles>
<VisualStyle State='0' Mode='0'>
<Image Id='9' Alpha='1' />
</VisualStyle>
</VisualStyles>
</Control>
<Control Type='Button' Name='Text'>
<Position Units='Pixels' X='87' Y='10' />
<Size Units='Pixels' Width='146' Height='25' />
<VisualStyles>
<VisualStyle State='0' Mode='0'>
<Text Id='8' FontId='2' Alignment='CenterCenter' Wrap='False'>
<Color  R='0.933333' G='0.933333' B='0.933333' A='1' />
</Text>
</VisualStyle>
</VisualStyles>
</Control>
<Control Type='Button' Name='Image'>
<Position Units='Pixels' X='0' Y='414' />
<Size Units='Pixels' Width='320' Height='46' />
<VisualStyles>
<VisualStyle State='0' Mode='0'>
<Image Id='4' Alpha='1' />
</VisualStyle>
</VisualStyles>
</Control>
<Control Type='Button' Name='Image'>
<Position Units='Pixels' X='14' Y='98' />
<Size Units='Pixels' Width='194' Height='51' />
<VisualStyles>
<VisualStyle State='0' Mode='0'>
<Image Id='42' Alpha='1' />
</VisualStyle>
</VisualStyles>
</Control>
<Control Type='Button' Name='Border'>
<Position Units='Pixels' X='21' Y='102' />
<Size Units='Pixels' Width='179' Height='40' />
<VisualStyles>
<VisualStyle State='0' Mode='0'>
<Face Type='2D'>
<Color  R='0.752941' G='0.752941' B='0.752941' A='0' />
</Face>
<Text FontId='2' Alignment='CenterLeft' Wrap='True'>
<Bindings>
<Binding Id='29' Type='Serial' Property='Text'/>
</Bindings>
<Color  R='1' G='1' B='1' A='1' />
</Text>
</VisualStyle>
</VisualStyles>
</Control>
<Control Type='Button' Name='Text'>
<Position Units='Pixels' X='14' Y='78' />
<Size Units='Pixels' Width='194' Height='25' />
<VisualStyles>
<VisualStyle State='0' Mode='0'>
<Text Id='62' FontId='1' Alignment='CenterLeft' Wrap='True'>
<Color  R='1' G='1' B='1' A='1' />
</Text>
</VisualStyle>
</VisualStyles>
</Control>
<Control Type='Button' Name='Text'>
<Position Units='Pixels' X='10' Y='267' />
<Size Units='Pixels' Width='40' Height='28' />
<VisualStyles>
<VisualStyle State='0' Mode='0'>
<Text Id='55' FontId='2' Alignment='CenterCenter' Wrap='False'>
<Color  R='1' G='1' B='1' A='1' />
</Text>
</VisualStyle>
</VisualStyles>
</Control>
<Control Type='Button' Name='Button'>
<Position Units='Pixels' X='16' Y='290' />
<Size Units='Pixels' Width='30' Height='36' />
<VisualStyles>
<VisualStyle State='0' Mode='0'>
<Face Type='2D'>
<Color  R='0.4' G='0.4' B='0.4' A='0' />
</Face>
<Image Id='43' Alpha='1' />
</VisualStyle>
<VisualStyle State='1' Mode='0'>
<Face Type='2D'>
<Color  R='1' G='0.501961' B='0' A='0' />
</Face>
<Image Id='44' Alpha='1' />
<Text Id='42' FontId='10' Alignment='CenterCenter' Wrap='False'>
<Color  R='1' G='1' B='1' A='1' />
</Text>
</VisualStyle>
</VisualStyles>
<Bindings>
<Binding Id='80' Type='Digital' Property='State'/>
</Bindings>
<Commands>
<Command Action='TouchDown' Id='80' Type='Digital' Value='True' />
<Command Action='TouchUp' Id='80' Type='Digital' Value='False' />
</Commands>
</Control>
<Control Type='Button' Name='Text'>
<Position Units='Pixels' X='54' Y='267' />
<Size Units='Pixels' Width='40' Height='28' />
<VisualStyles>
<VisualStyle State='0' Mode='0'>
<Text Id='56' FontId='2' Alignment='CenterCenter' Wrap='False'>
<Color  R='1' G='1' B='1' A='1' />
</Text>
</VisualStyle>
</VisualStyles>
</Control>
<Control Type='Button' Name='Button'>
<Position Units='Pixels' X='59' Y='290' />
<Size Units='Pixels' Width='30' Height='36' />
<VisualStyles>
<VisualStyle State='0' Mode='0'>
<Face Type='2D'>
<Color  R='0.4' G='0.4' B='0.4' A='0' />
</Face>
<Image Id='43' Alpha='1' />
</VisualStyle>
<VisualStyle State='1' Mode='0'>
<Face Type='2D'>
<Color  R='1' G='0.501961' B='0' A='0' />
</Face>
<Image Id='44' Alpha='1' />
<Text Id='42' FontId='10' Alignment='CenterCenter' Wrap='False'>
<Color  R='1' G='1' B='1' A='1' />
</Text>
</VisualStyle>
</VisualStyles>
<Bindings>
<Binding Id='81' Type='Digital' Property='State'/>
</Bindings>
<Commands>
<Command Action='TouchDown' Id='81' Type='Digital' Value='True' />
<Command Action='TouchUp' Id='81' Type='Digital' Value='False' />
</Commands>
</Control>
<Control Type='Button' Name='Text'>
<Position Units='Pixels' X='96' Y='267' />
<Size Units='Pixels' Width='40' Height='28' />
<VisualStyles>
<VisualStyle State='0' Mode='0'>
<Text Id='57' FontId='2' Alignment='CenterCenter' Wrap='False'>
<Color  R='1' G='1' B='1' A='1' />
</Text>
</VisualStyle>
</VisualStyles>
</Control>
<Control Type='Button' Name='Button'>
<Position Units='Pixels' X='102' Y='290' />
<Size Units='Pixels' Width='30' Height='36' />
<VisualStyles>
<VisualStyle State='0' Mode='0'>
<Face Type='2D'>
<Color  R='0.4' G='0.4' B='0.4' A='0' />
</Face>
<Image Id='43' Alpha='1' />
</VisualStyle>
<VisualStyle State='1' Mode='0'>
<Face Type='2D'>
<Color  R='1' G='0.501961' B='0' A='0' />
</Face>
<Image Id='44' Alpha='1' />
<Text Id='42' FontId='10' Alignment='CenterCenter' Wrap='False'>
<Color  R='1' G='1' B='1' A='1' />
</Text>
</VisualStyle>
</VisualStyles>
<Bindings>
<Binding Id='82' Type='Digital' Property='State'/>
</Bindings>
<Commands>
<Command Action='TouchDown' Id='82' Type='Digital' Value='True' />
<Command Action='TouchUp' Id='82' Type='Digital' Value='False' />
</Commands>
</Control>
<Control Type='Button' Name='Text'>
<Position Units='Pixels' X='141' Y='267' />
<Size Units='Pixels' Width='40' Height='28' />
<VisualStyles>
<VisualStyle State='0' Mode='0'>
<Text Id='58' FontId='2' Alignment='CenterCenter' Wrap='False'>
<Color  R='1' G='1' B='1' A='1' />
</Text>
</VisualStyle>
</VisualStyles>
</Control>
<Control Type='Button' Name='Button'>
<Position Units='Pixels' X='145' Y='290' />
<Size Units='Pixels' Width='30' Height='36' />
<VisualStyles>
<VisualStyle State='0' Mode='0'>
<Face Type='2D'>
<Color  R='0.4' G='0.4' B='0.4' A='0' />
</Face>
<Image Id='43' Alpha='1' />
</VisualStyle>
<VisualStyle State='1' Mode='0'>
<Face Type='2D'>
<Color  R='1' G='0.501961' B='0' A='0' />
</Face>
<Image Id='44' Alpha='1' />
<Text Id='42' FontId='10' Alignment='CenterCenter' Wrap='False'>
<Color  R='1' G='1' B='1' A='1' />
</Text>
</VisualStyle>
</VisualStyles>
<Bindings>
<Binding Id='83' Type='Digital' Property='State'/>
</Bindings>
<Commands>
<Command Action='TouchDown' Id='83' Type='Digital' Value='True' />
<Command Action='TouchUp' Id='83' Type='Digital' Value='False' />
</Commands>
</Control>
<Control Type='Button' Name='Text'>
<Position Units='Pixels' X='182' Y='267' />
<Size Units='Pixels' Width='40' Height='28' />
<VisualStyles>
<VisualStyle State='0' Mode='0'>
<Text Id='59' FontId='2' Alignment='CenterCenter' Wrap='False'>
<Color  R='1' G='1' B='1' A='1' />
</Text>
</VisualStyle>
</VisualStyles>
</Control>
<Control Type='Button' Name='Button'>
<Position Units='Pixels' X='188' Y='290' />
<Size Units='Pixels' Width='30' Height='36' />
<VisualStyles>
<VisualStyle State='0' Mode='0'>
<Face Type='2D'>
<Color  R='0.4' G='0.4' B='0.4' A='0' />
</Face>
<Image Id='43' Alpha='1' />
</VisualStyle>
<VisualStyle State='1' Mode='0'>
<Face Type='2D'>
<Color  R='1' G='0.501961' B='0' A='0' />
</Face>
<Image Id='44' Alpha='1' />
<Text Id='42' FontId='10' Alignment='CenterCenter' Wrap='False'>
<Color  R='1' G='1' B='1' A='1' />
</Text>
</VisualStyle>
</VisualStyles>
<Bindings>
<Binding Id='84' Type='Digital' Property='State'/>
</Bindings>
<Commands>
<Command Action='TouchDown' Id='84' Type='Digital' Value='True' />
<Command Action='TouchUp' Id='84' Type='Digital' Value='False' />
</Commands>
</Control>
<Control Type='Button' Name='Text'>
<Position Units='Pixels' X='225' Y='267' />
<Size Units='Pixels' Width='40' Height='28' />
<VisualStyles>
<VisualStyle State='0' Mode='0'>
<Text Id='60' FontId='2' Alignment='CenterCenter' Wrap='False'>
<Color  R='1' G='1' B='1' A='1' />
</Text>
</VisualStyle>
</VisualStyles>
</Control>
<Control Type='Button' Name='Button'>
<Position Units='Pixels' X='231' Y='290' />
<Size Units='Pixels' Width='30' Height='36' />
<VisualStyles>
<VisualStyle State='0' Mode='0'>
<Face Type='2D'>
<Color  R='0.4' G='0.4' B='0.4' A='0' />
</Face>
<Image Id='43' Alpha='1' />
</VisualStyle>
<VisualStyle State='1' Mode='0'>
<Face Type='2D'>
<Color  R='1' G='0.501961' B='0' A='0' />
</Face>
<Image Id='44' Alpha='1' />
<Text Id='42' FontId='10' Alignment='CenterCenter' Wrap='False'>
<Color  R='1' G='1' B='1' A='1' />
</Text>
</VisualStyle>
</VisualStyles>
<Bindings>
<Binding Id='85' Type='Digital' Property='State'/>
</Bindings>
<Commands>
<Command Action='TouchDown' Id='85' Type='Digital' Value='True' />
<Command Action='TouchUp' Id='85' Type='Digital' Value='False' />
</Commands>
</Control>
<Control Type='Button' Name='Text'>
<Position Units='Pixels' X='268' Y='267' />
<Size Units='Pixels' Width='40' Height='28' />
<VisualStyles>
<VisualStyle State='0' Mode='0'>
<Text Id='61' FontId='2' Alignment='CenterCenter' Wrap='False'>
<Color  R='1' G='1' B='1' A='1' />
</Text>
</VisualStyle>
</VisualStyles>
</Control>
<Control Type='Button' Name='Button'>
<Position Units='Pixels' X='274' Y='290' />
<Size Units='Pixels' Width='30' Height='36' />
<VisualStyles>
<VisualStyle State='0' Mode='0'>
<Face Type='2D'>
<Color  R='0.4' G='0.4' B='0.4' A='0' />
</Face>
<Image Id='43' Alpha='1' />
</VisualStyle>
<VisualStyle State='1' Mode='0'>
<Face Type='2D'>
<Color  R='1' G='0.501961' B='0' A='0' />
</Face>
<Image Id='44' Alpha='1' />
<Text Id='42' FontId='10' Alignment='CenterCenter' Wrap='False'>
<Color  R='1' G='1' B='1' A='1' />
</Text>
</VisualStyle>
</VisualStyles>
<Bindings>
<Binding Id='86' Type='Digital' Property='State'/>
</Bindings>
<Commands>
<Command Action='TouchDown' Id='86' Type='Digital' Value='True' />
<Command Action='TouchUp' Id='86' Type='Digital' Value='False' />
</Commands>
</Control>
<Control Type='Button' Name='Button'>
<Position Units='Pixels' X='216' Y='107' />
<Size Units='Pixels' Width='90' Height='34' />
<VisualStyles>
<VisualStyle State='0' Mode='0'>
<Face Type='2D'>
<Color  R='1' G='1' B='1' A='0' />
</Face>
<Image Id='31' Alpha='1' />
<Text Id='67' FontId='8' Alignment='CenterCenter' Wrap='False'>
<Color  R='0' G='0' B='0' A='1' />
</Text>
</VisualStyle>
<VisualStyle State='1' Mode='0'>
<Face Type='2D'>
<Color  R='1' G='1' B='1' A='0' />
</Face>
<Image Id='32' Alpha='1' />
<Text Id='67' FontId='8' Alignment='CenterCenter' Wrap='False'>
<Color  R='0' G='0' B='0' A='1' />
</Text>
</VisualStyle>
</VisualStyles>
<Bindings>
<Binding Id='87' Type='Digital' Property='State'/>
</Bindings>
<Commands>
<Command Action='TouchDown' Id='87' Type='Digital' Value='True' />
<Command Action='TouchUp' Id='87' Type='Digital' Value='False' />
<Command Action='TouchDown' PageFlip='[Scheduler] Browse' Transition='0' TransitionDuration='-1' />
</Commands>
</Control>
<Control Type='Button' Name='Button'>
<Position Units='Pixels' X='216' Y='75' />
<Size Units='Pixels' Width='90' Height='34' />
<VisualStyles>
<VisualStyle State='0' Mode='0'>
<Face Type='2D'>
<Color  R='1' G='1' B='1' A='0' />
</Face>
<Image Id='31' Alpha='1' />
<Text Id='70' FontId='8' Alignment='CenterCenter' Wrap='False'>
<Color  R='0' G='0' B='0' A='1' />
</Text>
</VisualStyle>
<VisualStyle State='1' Mode='0'>
<Face Type='2D'>
<Color  R='1' G='1' B='1' A='0' />
</Face>
<Image Id='32' Alpha='1' />
<Text Id='70' FontId='8' Alignment='CenterCenter' Wrap='False'>
<Color  R='0' G='0' B='0' A='1' />
</Text>
</VisualStyle>
</VisualStyles>
<Bindings>
<Binding Id='88' Type='Digital' Property='State'/>
</Bindings>
<Commands>
<Command Action='TouchDown' Id='88' Type='Digital' Value='True' />
<Command Action='TouchUp' Id='88' Type='Digital' Value='False' />
<Command Action='TouchDown' PageFlip='[Scheduler] Browse' Transition='0' TransitionDuration='-1' />
</Commands>
</Control>
<Control Type='Subpage' Name='Subref' Reference='[VARDAGSRUM] [Audio Zone] Volume'>
<Position Units='Pixels' X='68' Y='414' />
<Size Units='Pixels' Width='184' Height='46' />
</Control>
<Control Type='Subpage' Name='Subref' Reference='[VARDAGSRUM] [Audio Zone] Current Room'>
<Position Units='Pixels' X='80' Y='4' />
<Size Units='Pixels' Width='160' Height='36' />
</Control>
<Control Type='Subpage' Name='Subref' Reference='[VARDAGSRUM] [Audio Zone] Interrupt'>
<Position Units='Pixels' X='10' Y='163' />
<Size Units='Pixels' Width='300' Height='135' />
<Bindings>
<Binding Id='19' Type='Digital' Property='Visible'/>
</Bindings>
</Control>
<Control Type='Subpage' Name='Subref' Reference='[VARDAGSRUM] [Audio Zone] Power'>
<Position Units='Pixels' X='262' Y='414' />
<Size Units='Pixels' Width='44' Height='44' />
</Control>
<Control Type='Subpage' Name='Subref' Reference='[VARDAGSRUM] [Audio Zone] Sleep'>
<Position Units='Pixels' X='0' Y='45' />
<Size Units='Pixels' Width='320' Height='370' />
<Bindings>
<Binding Id='20' Type='Digital' Property='Visible'/>
</Bindings>
</Control>
<Control Type='Subpage' Name='Subref' Reference='[VARDAGSRUM] [Audio Zone] Home Button'>
<Position Units='Pixels' X='14' Y='414' />
<Size Units='Pixels' Width='44' Height='44' />
</Control>
<Control Type='Subpage' Name='Subref' Reference='[VARDAGSRUM] [Audio Zone] Crestron Logo'>
<Position Units='Pixels' X='242' Y='0' />
<Size Units='Pixels' Width='78' Height='46' />
</Control>
<Control Type='Subpage' Name='Subref' Reference='[VARDAGSRUM] [Audio Zone] Back Button'>
<Position Units='Pixels' X='0' Y='0' />
<Size Units='Pixels' Width='78' Height='46' />
</Control>
</Control>
</File>
