<?xml version='1.0' encoding='ISO-8859-1' ?>
<File Type='Page' Version='2.1.0'>
<Control Type='Page' Name='[SOVRUM] [AM-FM Tuner - AM-FM 2]' Transition='0' TransitionDuration='0.01'>
<Position Units='Pixels' X='0' Y='0' />
<Size Units='Pixels' Width='320' Height='460' />
<VisualStyles>
<VisualStyle>
<Background>
<Color  R='0' G='0' B='0' A='1' />
</Background>
<Image Id='11' />
</VisualStyle>
</VisualStyles>
<Bindings>
<Binding Id='177' Property='PageFlip'/>
</Bindings>
<Commands>
<Command Action='PageJoin' Id='177' Type='Digital' />
</Commands>
<Control Type='Button' Name='Image'>
<Position Units='Pixels' X='0' Y='368' />
<Size Units='Pixels' Width='320' Height='48' />
<VisualStyles>
<VisualStyle State='0' Mode='0'>
<Image Id='12' Alpha='1' />
</VisualStyle>
</VisualStyles>
</Control>
<Control Type='Button' Name='Image'>
<Position Units='Pixels' X='0' Y='0' />
<Size Units='Pixels' Width='320' Height='46' />
<VisualStyles>
<VisualStyle State='0' Mode='0'>
<Image Id='4' Alpha='1' />
</VisualStyle>
</VisualStyles>
</Control>
<Control Type='Button' Name='Image'>
<Position Units='Pixels' X='80' Y='5' />
<Size Units='Pixels' Width='160' Height='34' />
<VisualStyles>
<VisualStyle State='0' Mode='0'>
<Image Id='9' Alpha='1' />
</VisualStyle>
</VisualStyles>
</Control>
<Control Type='Button' Name='Text'>
<Position Units='Pixels' X='87' Y='10' />
<Size Units='Pixels' Width='146' Height='25' />
<VisualStyles>
<VisualStyle State='0' Mode='0'>
<Text Id='76' FontId='2' Alignment='CenterCenter' Wrap='False'>
<Color  R='0.933333' G='0.933333' B='0.933333' A='1' />
</Text>
</VisualStyle>
</VisualStyles>
</Control>
<Control Type='Button' Name='Image'>
<Position Units='Pixels' X='0' Y='414' />
<Size Units='Pixels' Width='320' Height='46' />
<VisualStyles>
<VisualStyle State='0' Mode='0'>
<Image Id='4' Alpha='1' />
</VisualStyle>
</VisualStyles>
</Control>
<Control Type='Subpage' Name='Subref' Reference='[SOVRUM] [AM-FM Tuner - AM-FM 2] Presets'>
<Position Units='Pixels' X='0' Y='41' />
<Size Units='Pixels' Width='320' Height='388' />
<Bindings>
<Binding Id='178' Type='Digital' Property='Visible'/>
</Bindings>
</Control>
<Control Type='Subpage' Name='Subref' Reference='[SOVRUM] [AM-FM Tuner - AM-FM 2] NowPlaying'>
<Position Units='Pixels' X='0' Y='41' />
<Size Units='Pixels' Width='320' Height='375' />
<Bindings>
<Binding Id='179' Type='Digital' Property='Visible'/>
</Bindings>
</Control>
<Control Type='Subpage' Name='Subref' Reference='[SOVRUM] [AM-FM Tuner - AM-FM 2] Manual Gauge'>
<Position Units='Pixels' X='0' Y='41' />
<Size Units='Pixels' Width='320' Height='375' />
<Bindings>
<Binding Id='180' Type='Digital' Property='Visible'/>
</Bindings>
</Control>
<Control Type='Subpage' Name='Subref' Reference='[SOVRUM] [AM-FM Tuner - AM-FM 2] Manual'>
<Position Units='Pixels' X='0' Y='41' />
<Size Units='Pixels' Width='320' Height='375' />
<Bindings>
<Binding Id='181' Type='Digital' Property='Visible'/>
</Bindings>
</Control>
<Control Type='Subpage' Name='Subref' Reference='[SOVRUM] [AM-FM Tuner - AM-FM 2] Preset Save Popup'>
<Position Units='Pixels' X='0' Y='45' />
<Size Units='Pixels' Width='320' Height='370' />
<Bindings>
<Binding Id='182' Type='Digital' Property='Visible'/>
</Bindings>
</Control>
<Control Type='Subpage' Name='Subref' Reference='[SOVRUM] [AM-FM Tuner - AM-FM 2] Preset Save-Clear Popup'>
<Position Units='Pixels' X='0' Y='45' />
<Size Units='Pixels' Width='320' Height='370' />
<Bindings>
<Binding Id='183' Type='Digital' Property='Visible'/>
</Bindings>
</Control>
<Control Type='Subpage' Name='Subref' Reference='[VARDAGSRUM] [Audio Zone] Volume'>
<Position Units='Pixels' X='68' Y='414' />
<Size Units='Pixels' Width='184' Height='46' />
</Control>
<Control Type='Subpage' Name='Subref' Reference='[VARDAGSRUM] [Audio Zone] Current Room'>
<Position Units='Pixels' X='80' Y='4' />
<Size Units='Pixels' Width='160' Height='36' />
</Control>
<Control Type='Subpage' Name='Subref' Reference='[VARDAGSRUM] [Audio Zone] Interrupt'>
<Position Units='Pixels' X='10' Y='163' />
<Size Units='Pixels' Width='300' Height='135' />
<Bindings>
<Binding Id='19' Type='Digital' Property='Visible'/>
</Bindings>
</Control>
<Control Type='Subpage' Name='Subref' Reference='[VARDAGSRUM] [Audio Zone] Power'>
<Position Units='Pixels' X='262' Y='414' />
<Size Units='Pixels' Width='44' Height='44' />
</Control>
<Control Type='Subpage' Name='Subref' Reference='[VARDAGSRUM] [Audio Zone] Sleep'>
<Position Units='Pixels' X='0' Y='45' />
<Size Units='Pixels' Width='320' Height='370' />
<Bindings>
<Binding Id='20' Type='Digital' Property='Visible'/>
</Bindings>
</Control>
<Control Type='Subpage' Name='Subref' Reference='[VARDAGSRUM] [Audio Zone] Home Button'>
<Position Units='Pixels' X='14' Y='414' />
<Size Units='Pixels' Width='44' Height='44' />
</Control>
<Control Type='Subpage' Name='Subref' Reference='[VARDAGSRUM] [Audio Zone] Crestron Logo'>
<Position Units='Pixels' X='242' Y='0' />
<Size Units='Pixels' Width='78' Height='46' />
</Control>
<Control Type='Subpage' Name='Subref' Reference='[VARDAGSRUM] [Audio Zone] Back Button'>
<Position Units='Pixels' X='0' Y='0' />
<Size Units='Pixels' Width='78' Height='46' />
</Control>
</Control>
</File>
