<?xml version='1.0' encoding='ISO-8859-1' ?>
<File Type='Page' Version='2.1.0'>
<Control Type='Subpage' Name='[SOVRUM] [AM-FM Tuner - AM-FM 1] Manual Gauge'>
<Position Units='Pixels' X='0' Y='0' />
<Size Units='Pixels' Width='320' Height='375' />
<VisualStyles>
<VisualStyle>
<Background>
<Color  R='1' G='1' B='1' A='0' />
</Background>
</VisualStyle>
</VisualStyles>
<Control Type='Button' Name='Image'>
<Position Units='Pixels' X='0' Y='326' />
<Size Units='Pixels' Width='320' Height='48' />
<VisualStyles>
<VisualStyle State='0' Mode='0'>
<Image Id='12' Alpha='1' />
</VisualStyle>
</VisualStyles>
</Control>
<Control Type='Button' Name='Button'>
<Position Units='Pixels' X='220' Y='329' />
<Size Units='Pixels' Width='78' Height='40' />
<VisualStyles>
<VisualStyle State='0' Mode='0'>
<Face Type='2D'>
<Color  R='0' G='0' B='0.627451' A='0' />
</Face>
<Image Id='13' Alpha='1' />
</VisualStyle>
<VisualStyle State='1' Mode='0'>
<Face Type='2D'>
<Color  R='1' G='1' B='1' A='0' />
</Face>
<Image Id='14' Alpha='1' />
</VisualStyle>
</VisualStyles>
<Bindings>
<Binding Id='131' Type='Digital' Property='State'/>
</Bindings>
<Commands>
<Command Action='TouchDown' Id='131' Type='Digital' Value='True' />
<Command Action='TouchUp' Id='131' Type='Digital' Value='False' />
</Commands>
</Control>
<Control Type='Button' Name='Image'>
<Position Units='Pixels' X='0' Y='0' />
<Size Units='Pixels' Width='320' Height='98' />
<VisualStyles>
<VisualStyle State='0' Mode='0'>
<Image Id='53' Alpha='1' />
</VisualStyle>
</VisualStyles>
</Control>
<Control Type='Button' Name='Button'>
<Position Units='Pixels' X='42' Y='275' />
<Size Units='Pixels' Width='78' Height='40' />
<VisualStyles>
<VisualStyle State='0' Mode='0'>
<Face Type='2D'>
<Color  R='0' G='0' B='0.627451' A='0' />
</Face>
<Image Id='13' Alpha='1' />
<Text Id='78' FontId='3' Alignment='CenterCenter' Wrap='False'>
<Color  R='0' G='0' B='0' A='1' />
</Text>
</VisualStyle>
<VisualStyle State='1' Mode='0'>
<Face Type='2D'>
<Color  R='1' G='1' B='1' A='0' />
</Face>
<Image Id='14' Alpha='1' />
<Text Id='78' FontId='3' Alignment='CenterCenter' Wrap='False'>
<Color  R='1' G='1' B='1' A='1' />
</Text>
</VisualStyle>
</VisualStyles>
<Bindings>
<Binding Id='132' Type='Digital' Property='State'/>
</Bindings>
<Commands>
<Command Action='TouchDown' Id='132' Type='Digital' Value='True' />
<Command Action='TouchUp' Id='132' Type='Digital' Value='False' />
</Commands>
</Control>
<Control Type='Button' Name='Button'>
<Position Units='Pixels' X='121' Y='275' />
<Size Units='Pixels' Width='78' Height='40' />
<VisualStyles>
<VisualStyle State='0' Mode='0'>
<Face Type='2D'>
<Color  R='0' G='0' B='0.627451' A='0' />
</Face>
<Image Id='13' Alpha='1' />
<Text Id='79' FontId='3' Alignment='CenterCenter' Wrap='False'>
<Color  R='0' G='0' B='0' A='1' />
</Text>
</VisualStyle>
<VisualStyle State='1' Mode='0'>
<Face Type='2D'>
<Color  R='1' G='1' B='1' A='0' />
</Face>
<Image Id='14' Alpha='1' />
<Text Id='79' FontId='3' Alignment='CenterCenter' Wrap='False'>
<Color  R='1' G='1' B='1' A='1' />
</Text>
</VisualStyle>
</VisualStyles>
<Bindings>
<Binding Id='133' Type='Digital' Property='State'/>
</Bindings>
<Commands>
<Command Action='TouchDown' Id='133' Type='Digital' Value='True' />
<Command Action='TouchUp' Id='133' Type='Digital' Value='False' />
</Commands>
</Control>
<Control Type='Button' Name='Button'>
<Position Units='Pixels' X='200' Y='275' />
<Size Units='Pixels' Width='78' Height='40' />
<VisualStyles>
<VisualStyle State='0' Mode='0'>
<Face Type='2D'>
<Color  R='0' G='0' B='0.627451' A='0' />
</Face>
<Image Id='13' Alpha='1' />
<Text Id='80' FontId='3' Alignment='CenterCenter' Wrap='False'>
<Color  R='0' G='0' B='0' A='1' />
</Text>
</VisualStyle>
<VisualStyle State='1' Mode='0'>
<Face Type='2D'>
<Color  R='1' G='1' B='1' A='0' />
</Face>
<Image Id='14' Alpha='1' />
<Text Id='80' FontId='3' Alignment='CenterCenter' Wrap='False'>
<Color  R='1' G='1' B='1' A='1' />
</Text>
</VisualStyle>
</VisualStyles>
<Bindings>
<Binding Id='134' Type='Digital' Property='State'/>
</Bindings>
<Commands>
<Command Action='TouchDown' Id='134' Type='Digital' Value='True' />
<Command Action='TouchUp' Id='134' Type='Digital' Value='False' />
</Commands>
</Control>
<Control Type='Button' Name='Button'>
<Position Units='Pixels' X='200' Y='227' />
<Size Units='Pixels' Width='78' Height='40' />
<VisualStyles>
<VisualStyle State='0' Mode='0'>
<Face Type='2D'>
<Color  R='0' G='0' B='0.627451' A='0' />
</Face>
<Image Id='13' Alpha='1' />
<Text Id='82' FontId='5' Alignment='CenterCenter' Wrap='False'>
<Color  R='0' G='0' B='0' A='1' />
</Text>
</VisualStyle>
<VisualStyle State='1' Mode='0'>
<Face Type='2D'>
<Color  R='1' G='1' B='1' A='0' />
</Face>
<Image Id='14' Alpha='1' />
<Text Id='82' FontId='5' Alignment='CenterCenter' Wrap='False'>
<Color  R='1' G='1' B='1' A='1' />
</Text>
</VisualStyle>
</VisualStyles>
<Bindings>
<Binding Id='135' Type='Digital' Property='State'/>
</Bindings>
<Commands>
<Command Action='TouchDown' Id='135' Type='Digital' Value='True' />
<Command Action='TouchUp' Id='135' Type='Digital' Value='False' />
</Commands>
</Control>
<Control Type='Button' Name='Button'>
<Position Units='Pixels' X='42' Y='227' />
<Size Units='Pixels' Width='78' Height='40' />
<VisualStyles>
<VisualStyle State='0' Mode='0'>
<Face Type='2D'>
<Color  R='0' G='0' B='0.627451' A='0' />
</Face>
<Image Id='13' Alpha='1' />
</VisualStyle>
<VisualStyle State='1' Mode='0'>
<Face Type='2D'>
<Color  R='1' G='1' B='1' A='0' />
</Face>
<Image Id='14' Alpha='1' />
</VisualStyle>
</VisualStyles>
</Control>
<Control Type='Button' Name='Button'>
<Position Units='Pixels' X='121' Y='104' />
<Size Units='Pixels' Width='78' Height='40' />
<VisualStyles>
<VisualStyle State='0' Mode='0'>
<Face Type='2D'>
<Color  R='0' G='0' B='0.627451' A='0' />
</Face>
<Image Id='13' Alpha='1' />
<Text Id='83' FontId='11' Alignment='CenterCenter' Wrap='False'>
<Color  R='0' G='0' B='0' A='1' />
</Text>
</VisualStyle>
<VisualStyle State='1' Mode='0'>
<Face Type='2D'>
<Color  R='1' G='1' B='1' A='0' />
</Face>
<Image Id='14' Alpha='1' />
<Text Id='83' FontId='11' Alignment='CenterCenter' Wrap='False'>
<Color  R='1' G='1' B='1' A='1' />
</Text>
</VisualStyle>
</VisualStyles>
<Bindings>
<Binding Id='136' Type='Digital' Property='State'/>
</Bindings>
<Commands>
<Command Action='TouchDown' Id='136' Type='Digital' Value='True' />
<Command Action='TouchUp' Id='136' Type='Digital' Value='False' />
</Commands>
</Control>
<Control Type='Button' Name='Button'>
<Position Units='Pixels' X='42' Y='104' />
<Size Units='Pixels' Width='78' Height='40' />
<VisualStyles>
<VisualStyle State='0' Mode='0'>
<Face Type='2D'>
<Color  R='0' G='0' B='0.627451' A='0' />
</Face>
<Image Id='13' Alpha='1' />
<Text Id='84' FontId='11' Alignment='CenterCenter' Wrap='False'>
<Color  R='0' G='0' B='0' A='1' />
</Text>
</VisualStyle>
<VisualStyle State='1' Mode='0'>
<Face Type='2D'>
<Color  R='1' G='1' B='1' A='0' />
</Face>
<Image Id='14' Alpha='1' />
<Text Id='84' FontId='11' Alignment='CenterCenter' Wrap='False'>
<Color  R='1' G='1' B='1' A='1' />
</Text>
</VisualStyle>
</VisualStyles>
<Bindings>
<Binding Id='137' Type='Digital' Property='State'/>
</Bindings>
<Commands>
<Command Action='TouchDown' Id='137' Type='Digital' Value='True' />
<Command Action='TouchUp' Id='137' Type='Digital' Value='False' />
</Commands>
</Control>
<Control Type='Button' Name='Button'>
<Position Units='Pixels' X='200' Y='104' />
<Size Units='Pixels' Width='78' Height='40' />
<VisualStyles>
<VisualStyle State='0' Mode='0'>
<Face Type='2D'>
<Color  R='0' G='0' B='0.627451' A='0' />
</Face>
<Image Id='13' Alpha='1' />
<Text Id='85' FontId='11' Alignment='CenterCenter' Wrap='False'>
<Color  R='0' G='0' B='0' A='1' />
</Text>
</VisualStyle>
<VisualStyle State='1' Mode='0'>
<Face Type='2D'>
<Color  R='1' G='1' B='1' A='0' />
</Face>
<Image Id='14' Alpha='1' />
<Text Id='85' FontId='11' Alignment='CenterCenter' Wrap='False'>
<Color  R='1' G='1' B='1' A='1' />
</Text>
</VisualStyle>
</VisualStyles>
<Bindings>
<Binding Id='138' Type='Digital' Property='State'/>
</Bindings>
<Commands>
<Command Action='TouchDown' Id='138' Type='Digital' Value='True' />
<Command Action='TouchUp' Id='138' Type='Digital' Value='False' />
</Commands>
</Control>
<Control Type='Button' Name='Button'>
<Position Units='Pixels' X='42' Y='145' />
<Size Units='Pixels' Width='78' Height='40' />
<VisualStyles>
<VisualStyle State='0' Mode='0'>
<Face Type='2D'>
<Color  R='0' G='0' B='0.627451' A='0' />
</Face>
<Image Id='13' Alpha='1' />
<Text Id='86' FontId='11' Alignment='CenterCenter' Wrap='False'>
<Color  R='0' G='0' B='0' A='1' />
</Text>
</VisualStyle>
<VisualStyle State='1' Mode='0'>
<Face Type='2D'>
<Color  R='1' G='1' B='1' A='0' />
</Face>
<Image Id='14' Alpha='1' />
<Text Id='86' FontId='11' Alignment='CenterCenter' Wrap='False'>
<Color  R='1' G='1' B='1' A='1' />
</Text>
</VisualStyle>
</VisualStyles>
<Bindings>
<Binding Id='139' Type='Digital' Property='State'/>
</Bindings>
<Commands>
<Command Action='TouchDown' Id='139' Type='Digital' Value='True' />
<Command Action='TouchUp' Id='139' Type='Digital' Value='False' />
</Commands>
</Control>
<Control Type='Button' Name='Button'>
<Position Units='Pixels' X='42' Y='186' />
<Size Units='Pixels' Width='78' Height='40' />
<VisualStyles>
<VisualStyle State='0' Mode='0'>
<Face Type='2D'>
<Color  R='0' G='0' B='0.627451' A='0' />
</Face>
<Image Id='13' Alpha='1' />
<Text Id='87' FontId='11' Alignment='CenterCenter' Wrap='False'>
<Color  R='0' G='0' B='0' A='1' />
</Text>
</VisualStyle>
<VisualStyle State='1' Mode='0'>
<Face Type='2D'>
<Color  R='1' G='1' B='1' A='0' />
</Face>
<Image Id='14' Alpha='1' />
<Text Id='87' FontId='11' Alignment='CenterCenter' Wrap='False'>
<Color  R='1' G='1' B='1' A='1' />
</Text>
</VisualStyle>
</VisualStyles>
<Bindings>
<Binding Id='140' Type='Digital' Property='State'/>
</Bindings>
<Commands>
<Command Action='TouchDown' Id='140' Type='Digital' Value='True' />
<Command Action='TouchUp' Id='140' Type='Digital' Value='False' />
</Commands>
</Control>
<Control Type='Button' Name='Button'>
<Position Units='Pixels' X='121' Y='145' />
<Size Units='Pixels' Width='78' Height='40' />
<VisualStyles>
<VisualStyle State='0' Mode='0'>
<Face Type='2D'>
<Color  R='0' G='0' B='0.627451' A='0' />
</Face>
<Image Id='13' Alpha='1' />
<Text Id='88' FontId='11' Alignment='CenterCenter' Wrap='False'>
<Color  R='0' G='0' B='0' A='1' />
</Text>
</VisualStyle>
<VisualStyle State='1' Mode='0'>
<Face Type='2D'>
<Color  R='1' G='1' B='1' A='0' />
</Face>
<Image Id='14' Alpha='1' />
<Text Id='88' FontId='11' Alignment='CenterCenter' Wrap='False'>
<Color  R='1' G='1' B='1' A='1' />
</Text>
</VisualStyle>
</VisualStyles>
<Bindings>
<Binding Id='141' Type='Digital' Property='State'/>
</Bindings>
<Commands>
<Command Action='TouchDown' Id='141' Type='Digital' Value='True' />
<Command Action='TouchUp' Id='141' Type='Digital' Value='False' />
</Commands>
</Control>
<Control Type='Button' Name='Button'>
<Position Units='Pixels' X='200' Y='145' />
<Size Units='Pixels' Width='78' Height='40' />
<VisualStyles>
<VisualStyle State='0' Mode='0'>
<Face Type='2D'>
<Color  R='0' G='0' B='0.627451' A='0' />
</Face>
<Image Id='13' Alpha='1' />
<Text Id='89' FontId='11' Alignment='CenterCenter' Wrap='False'>
<Color  R='0' G='0' B='0' A='1' />
</Text>
</VisualStyle>
<VisualStyle State='1' Mode='0'>
<Face Type='2D'>
<Color  R='1' G='1' B='1' A='0' />
</Face>
<Image Id='14' Alpha='1' />
<Text Id='89' FontId='11' Alignment='CenterCenter' Wrap='False'>
<Color  R='1' G='1' B='1' A='1' />
</Text>
</VisualStyle>
</VisualStyles>
<Bindings>
<Binding Id='142' Type='Digital' Property='State'/>
</Bindings>
<Commands>
<Command Action='TouchDown' Id='142' Type='Digital' Value='True' />
<Command Action='TouchUp' Id='142' Type='Digital' Value='False' />
</Commands>
</Control>
<Control Type='Button' Name='Button'>
<Position Units='Pixels' X='121' Y='186' />
<Size Units='Pixels' Width='78' Height='40' />
<VisualStyles>
<VisualStyle State='0' Mode='0'>
<Face Type='2D'>
<Color  R='0' G='0' B='0.627451' A='0' />
</Face>
<Image Id='13' Alpha='1' />
<Text Id='90' FontId='11' Alignment='CenterCenter' Wrap='False'>
<Color  R='0' G='0' B='0' A='1' />
</Text>
</VisualStyle>
<VisualStyle State='1' Mode='0'>
<Face Type='2D'>
<Color  R='1' G='1' B='1' A='0' />
</Face>
<Image Id='14' Alpha='1' />
<Text Id='90' FontId='11' Alignment='CenterCenter' Wrap='False'>
<Color  R='1' G='1' B='1' A='1' />
</Text>
</VisualStyle>
</VisualStyles>
<Bindings>
<Binding Id='143' Type='Digital' Property='State'/>
</Bindings>
<Commands>
<Command Action='TouchDown' Id='143' Type='Digital' Value='True' />
<Command Action='TouchUp' Id='143' Type='Digital' Value='False' />
</Commands>
</Control>
<Control Type='Button' Name='Button'>
<Position Units='Pixels' X='200' Y='186' />
<Size Units='Pixels' Width='78' Height='40' />
<VisualStyles>
<VisualStyle State='0' Mode='0'>
<Face Type='2D'>
<Color  R='0' G='0' B='0.627451' A='0' />
</Face>
<Image Id='13' Alpha='1' />
<Text Id='91' FontId='11' Alignment='CenterCenter' Wrap='False'>
<Color  R='0' G='0' B='0' A='1' />
</Text>
</VisualStyle>
<VisualStyle State='1' Mode='0'>
<Face Type='2D'>
<Color  R='1' G='1' B='1' A='0' />
</Face>
<Image Id='14' Alpha='1' />
<Text Id='91' FontId='11' Alignment='CenterCenter' Wrap='False'>
<Color  R='1' G='1' B='1' A='1' />
</Text>
</VisualStyle>
</VisualStyles>
<Bindings>
<Binding Id='144' Type='Digital' Property='State'/>
</Bindings>
<Commands>
<Command Action='TouchDown' Id='144' Type='Digital' Value='True' />
<Command Action='TouchUp' Id='144' Type='Digital' Value='False' />
</Commands>
</Control>
<Control Type='Button' Name='Button'>
<Position Units='Pixels' X='121' Y='227' />
<Size Units='Pixels' Width='78' Height='40' />
<VisualStyles>
<VisualStyle State='0' Mode='0'>
<Face Type='2D'>
<Color  R='0' G='0' B='0.627451' A='0' />
</Face>
<Image Id='13' Alpha='1' />
<Text Id='92' FontId='11' Alignment='CenterCenter' Wrap='False'>
<Color  R='0' G='0' B='0' A='1' />
</Text>
</VisualStyle>
<VisualStyle State='1' Mode='0'>
<Face Type='2D'>
<Color  R='1' G='1' B='1' A='0' />
</Face>
<Image Id='14' Alpha='1' />
<Text Id='92' FontId='11' Alignment='CenterCenter' Wrap='False'>
<Color  R='1' G='1' B='1' A='1' />
</Text>
</VisualStyle>
</VisualStyles>
<Bindings>
<Binding Id='145' Type='Digital' Property='State'/>
</Bindings>
<Commands>
<Command Action='TouchDown' Id='145' Type='Digital' Value='True' />
<Command Action='TouchUp' Id='145' Type='Digital' Value='False' />
</Commands>
</Control>
<Control Type='Button' Name='Button'>
<Position Units='Pixels' X='106' Y='47' />
<Size Units='Pixels' Width='40' Height='40' />
<VisualStyles>
<VisualStyle State='0' Mode='0'>
<Face Type='2D'>
<Color  R='0.4' G='0.4' B='0.4' A='0' />
</Face>
<Image Id='54' Alpha='1' />
</VisualStyle>
<VisualStyle State='1' Mode='0'>
<Face Type='2D'>
<Color  R='1' G='0.501961' B='0' A='0' />
</Face>
<Image Id='55' Alpha='1' />
</VisualStyle>
</VisualStyles>
<Bindings>
<Binding Id='146' Type='Digital' Property='State'/>
</Bindings>
<Commands>
<Command Action='TouchDown' Id='146' Type='Digital' Value='True' />
<Command Action='TouchUp' Id='146' Type='Digital' Value='False' />
</Commands>
</Control>
<Control Type='Button' Name='Button'>
<Position Units='Pixels' X='174' Y='47' />
<Size Units='Pixels' Width='40' Height='40' />
<VisualStyles>
<VisualStyle State='0' Mode='0'>
<Face Type='2D'>
<Color  R='0.4' G='0.4' B='0.4' A='0' />
</Face>
<Image Id='56' Alpha='1' />
</VisualStyle>
<VisualStyle State='1' Mode='0'>
<Face Type='2D'>
<Color  R='1' G='0.501961' B='0' A='0' />
</Face>
<Image Id='57' Alpha='1' />
</VisualStyle>
</VisualStyles>
<Bindings>
<Binding Id='147' Type='Digital' Property='State'/>
</Bindings>
<Commands>
<Command Action='TouchDown' Id='147' Type='Digital' Value='True' />
<Command Action='TouchUp' Id='147' Type='Digital' Value='False' />
</Commands>
</Control>
<Control Type='Button' Name='Text'>
<Position Units='Pixels' X='137' Y='53' />
<Size Units='Pixels' Width='47' Height='25' />
<VisualStyles>
<VisualStyle State='0' Mode='0'>
<Text Id='93' FontId='5' Alignment='CenterCenter' Wrap='False'>
<Color  R='0.615686' G='0.772549' B='1' A='1' />
</Text>
</VisualStyle>
</VisualStyles>
</Control>
<Control Type='Button' Name='Button'>
<Position Units='Pixels' X='22' Y='329' />
<Size Units='Pixels' Width='78' Height='40' />
<VisualStyles>
<VisualStyle State='0' Mode='0'>
<Face Type='2D'>
<Color  R='0' G='0' B='0.627451' A='0' />
</Face>
<Image Id='13' Alpha='1' />
<Text Id='78' FontId='3' Alignment='CenterCenter' Wrap='False'>
<Color  R='0' G='0' B='0' A='1' />
</Text>
</VisualStyle>
<VisualStyle State='1' Mode='0'>
<Face Type='2D'>
<Color  R='1' G='1' B='1' A='0' />
</Face>
<Image Id='14' Alpha='1' />
<Text Id='78' FontId='3' Alignment='CenterCenter' Wrap='False'>
<Color  R='1' G='1' B='1' A='1' />
</Text>
</VisualStyle>
</VisualStyles>
<Bindings>
<Binding Id='148' Type='Digital' Property='State'/>
</Bindings>
<Commands>
<Command Action='TouchDown' Id='148' Type='Digital' Value='True' />
<Command Action='TouchUp' Id='148' Type='Digital' Value='False' />
</Commands>
</Control>
<Control Type='Button' Name='Button'>
<Position Units='Pixels' X='121' Y='329' />
<Size Units='Pixels' Width='78' Height='40' />
<VisualStyles>
<VisualStyle State='0' Mode='0'>
<Face Type='2D'>
<Color  R='0' G='0' B='0.627451' A='0' />
</Face>
<Image Id='13' Alpha='1' />
<Text Id='77' FontId='3' Alignment='CenterCenter' Wrap='False'>
<Color  R='0' G='0' B='0' A='1' />
</Text>
</VisualStyle>
<VisualStyle State='1' Mode='0'>
<Face Type='2D'>
<Color  R='1' G='1' B='1' A='0' />
</Face>
<Image Id='14' Alpha='1' />
<Text Id='77' FontId='3' Alignment='CenterCenter' Wrap='False'>
<Color  R='1' G='1' B='1' A='1' />
</Text>
</VisualStyle>
</VisualStyles>
<Bindings>
<Binding Id='149' Type='Digital' Property='State'/>
</Bindings>
<Commands>
<Command Action='TouchDown' Id='149' Type='Digital' Value='True' />
<Command Action='TouchUp' Id='149' Type='Digital' Value='False' />
</Commands>
</Control>
<Control Type='Button' Name='Text'>
<Position Units='Pixels' X='220' Y='329' />
<Size Units='Pixels' Width='78' Height='40' />
<VisualStyles>
<VisualStyle State='0' Mode='0'>
<Text Id='94' FontId='3' Alignment='CenterCenter' Wrap='False'>
<Color  R='0' G='0' B='0' A='1' />
</Text>
</VisualStyle>
</VisualStyles>
</Control>
<Control Type='Button' Name='Button'>
<Position Units='Pixels' X='8' Y='50' />
<Size Units='Pixels' Width='90' Height='34' />
<VisualStyles>
<VisualStyle State='0' Mode='0'>
<Face Type='2D'>
<Color  R='1' G='1' B='1' A='0' />
</Face>
<Image Id='31' Alpha='1' />
<Text Id='81' FontId='8' Alignment='CenterCenter' Wrap='False'>
<Color  R='0' G='0' B='0' A='1' />
</Text>
</VisualStyle>
<VisualStyle State='1' Mode='0'>
<Face Type='2D'>
<Color  R='1' G='1' B='1' A='0' />
</Face>
<Image Id='32' Alpha='1' />
<Text Id='81' FontId='8' Alignment='CenterCenter' Wrap='False'>
<Color  R='0' G='0' B='0' A='1' />
</Text>
</VisualStyle>
</VisualStyles>
<Bindings>
<Binding Id='150' Type='Digital' Property='State'/>
</Bindings>
<Commands>
<Command Action='TouchDown' Id='150' Type='Digital' Value='True' />
<Command Action='TouchUp' Id='150' Type='Digital' Value='False' />
</Commands>
</Control>
<Control Type='Button' Name='Button'>
<Position Units='Pixels' X='225' Y='50' />
<Size Units='Pixels' Width='90' Height='34' />
<VisualStyles>
<VisualStyle State='0' Mode='0'>
<Face Type='2D'>
<Color  R='1' G='1' B='1' A='0' />
</Face>
<Image Id='31' Alpha='1' />
<Text Id='64' FontId='8' Alignment='CenterCenter' Wrap='False'>
<Color  R='0' G='0' B='0' A='1' />
</Text>
</VisualStyle>
<VisualStyle State='1' Mode='0'>
<Face Type='2D'>
<Color  R='1' G='1' B='1' A='0' />
</Face>
<Image Id='32' Alpha='1' />
<Text Id='64' FontId='8' Alignment='CenterCenter' Wrap='False'>
<Color  R='0' G='0' B='0' A='1' />
</Text>
</VisualStyle>
</VisualStyles>
<Bindings>
<Binding Id='151' Type='Digital' Property='State'/>
</Bindings>
<Commands>
<Command Action='TouchDown' Id='151' Type='Digital' Value='True' />
<Command Action='TouchUp' Id='151' Type='Digital' Value='False' />
</Commands>
</Control>
<Control Type='Button' Name='Border'>
<Position Units='Pixels' X='169' Y='6' />
<Size Units='Pixels' Width='83' Height='45' />
<VisualStyles>
<VisualStyle State='0' Mode='0'>
<Face Type='2D'>
<Color  R='0' G='0' B='0' A='0' />
</Face>
<Text FontId='7' Alignment='CenterLeft' Wrap='False'>
<Bindings>
<Binding Id='31' Type='Serial' Property='Text'/>
</Bindings>
<Color  R='1' G='1' B='1' A='1' />
</Text>
</VisualStyle>
</VisualStyles>
</Control>
<Control Type='Button' Name='Border'>
<Position Units='Pixels' X='5' Y='6' />
<Size Units='Pixels' Width='160' Height='45' />
<VisualStyles>
<VisualStyle State='0' Mode='0'>
<Face Type='2D'>
<Color  R='0' G='0' B='0' A='0' />
</Face>
<Text FontId='7' Alignment='CenterRight' Wrap='False'>
<Bindings>
<Binding Id='30' Type='Serial' Property='Text'/>
</Bindings>
<Color  R='1' G='1' B='1' A='1' />
</Text>
</VisualStyle>
</VisualStyles>
</Control>
</Control>
</File>
