<?xml version='1.0' encoding='ISO-8859-1' ?>
<File Type='Page' Version='2.1.0'>
<Control Type='Subpage' Name='[SOVRUM] [AM-FM Tuner - AM-FM 1] Manual'>
<Position Units='Pixels' X='0' Y='0' />
<Size Units='Pixels' Width='320' Height='375' />
<VisualStyles>
<VisualStyle>
<Background>
<Color  R='1' G='1' B='1' A='0' />
</Background>
</VisualStyle>
</VisualStyles>
<Control Type='Button' Name='Image'>
<Position Units='Pixels' X='0' Y='326' />
<Size Units='Pixels' Width='320' Height='48' />
<VisualStyles>
<VisualStyle State='0' Mode='0'>
<Image Id='12' Alpha='1' />
</VisualStyle>
</VisualStyles>
</Control>
<Control Type='Button' Name='Image'>
<Position Units='Pixels' X='0' Y='0' />
<Size Units='Pixels' Width='320' Height='98' />
<VisualStyles>
<VisualStyle State='0' Mode='0'>
<Image Id='53' Alpha='1' />
</VisualStyle>
</VisualStyles>
</Control>
<Control Type='Button' Name='Button'>
<Position Units='Pixels' X='220' Y='329' />
<Size Units='Pixels' Width='78' Height='40' />
<VisualStyles>
<VisualStyle State='0' Mode='0'>
<Face Type='2D'>
<Color  R='0' G='0' B='0.627451' A='0' />
</Face>
<Image Id='13' Alpha='1' />
</VisualStyle>
<VisualStyle State='1' Mode='0'>
<Face Type='2D'>
<Color  R='1' G='1' B='1' A='0' />
</Face>
<Image Id='14' Alpha='1' />
</VisualStyle>
</VisualStyles>
<Bindings>
<Binding Id='110' Type='Digital' Property='State'/>
</Bindings>
<Commands>
<Command Action='TouchDown' Id='110' Type='Digital' Value='True' />
<Command Action='TouchUp' Id='110' Type='Digital' Value='False' />
</Commands>
</Control>
<Control Type='Button' Name='Button'>
<Position Units='Pixels' X='121' Y='329' />
<Size Units='Pixels' Width='78' Height='40' />
<VisualStyles>
<VisualStyle State='0' Mode='0'>
<Face Type='2D'>
<Color  R='0' G='0' B='0.627451' A='0' />
</Face>
<Image Id='13' Alpha='1' />
<Text Id='77' FontId='3' Alignment='CenterCenter' Wrap='False'>
<Color  R='0' G='0' B='0' A='1' />
</Text>
</VisualStyle>
<VisualStyle State='1' Mode='0'>
<Face Type='2D'>
<Color  R='1' G='1' B='1' A='0' />
</Face>
<Image Id='14' Alpha='1' />
<Text Id='77' FontId='3' Alignment='CenterCenter' Wrap='False'>
<Color  R='1' G='1' B='1' A='1' />
</Text>
</VisualStyle>
</VisualStyles>
<Bindings>
<Binding Id='111' Type='Digital' Property='State'/>
</Bindings>
<Commands>
<Command Action='TouchDown' Id='111' Type='Digital' Value='True' />
<Command Action='TouchUp' Id='111' Type='Digital' Value='False' />
</Commands>
</Control>
<Control Type='Button' Name='Button'>
<Position Units='Pixels' X='42' Y='275' />
<Size Units='Pixels' Width='78' Height='40' />
<VisualStyles>
<VisualStyle State='0' Mode='0'>
<Face Type='2D'>
<Color  R='0' G='0' B='0.627451' A='0' />
</Face>
<Image Id='13' Alpha='1' />
<Text Id='78' FontId='3' Alignment='CenterCenter' Wrap='False'>
<Color  R='0' G='0' B='0' A='1' />
</Text>
</VisualStyle>
<VisualStyle State='1' Mode='0'>
<Face Type='2D'>
<Color  R='1' G='1' B='1' A='0' />
</Face>
<Image Id='14' Alpha='1' />
<Text Id='78' FontId='3' Alignment='CenterCenter' Wrap='False'>
<Color  R='1' G='1' B='1' A='1' />
</Text>
</VisualStyle>
</VisualStyles>
<Bindings>
<Binding Id='112' Type='Digital' Property='State'/>
</Bindings>
<Commands>
<Command Action='TouchDown' Id='112' Type='Digital' Value='True' />
<Command Action='TouchUp' Id='112' Type='Digital' Value='False' />
</Commands>
</Control>
<Control Type='Button' Name='Button'>
<Position Units='Pixels' X='121' Y='275' />
<Size Units='Pixels' Width='78' Height='40' />
<VisualStyles>
<VisualStyle State='0' Mode='0'>
<Face Type='2D'>
<Color  R='0' G='0' B='0.627451' A='0' />
</Face>
<Image Id='13' Alpha='1' />
<Text Id='79' FontId='3' Alignment='CenterCenter' Wrap='False'>
<Color  R='0' G='0' B='0' A='1' />
</Text>
</VisualStyle>
<VisualStyle State='1' Mode='0'>
<Face Type='2D'>
<Color  R='1' G='1' B='1' A='0' />
</Face>
<Image Id='14' Alpha='1' />
<Text Id='79' FontId='3' Alignment='CenterCenter' Wrap='False'>
<Color  R='1' G='1' B='1' A='1' />
</Text>
</VisualStyle>
</VisualStyles>
<Bindings>
<Binding Id='113' Type='Digital' Property='State'/>
</Bindings>
<Commands>
<Command Action='TouchDown' Id='113' Type='Digital' Value='True' />
<Command Action='TouchUp' Id='113' Type='Digital' Value='False' />
</Commands>
</Control>
<Control Type='Button' Name='Button'>
<Position Units='Pixels' X='200' Y='275' />
<Size Units='Pixels' Width='78' Height='40' />
<VisualStyles>
<VisualStyle State='0' Mode='0'>
<Face Type='2D'>
<Color  R='0' G='0' B='0.627451' A='0' />
</Face>
<Image Id='13' Alpha='1' />
<Text Id='80' FontId='3' Alignment='CenterCenter' Wrap='False'>
<Color  R='0' G='0' B='0' A='1' />
</Text>
</VisualStyle>
<VisualStyle State='1' Mode='0'>
<Face Type='2D'>
<Color  R='1' G='1' B='1' A='0' />
</Face>
<Image Id='14' Alpha='1' />
<Text Id='80' FontId='3' Alignment='CenterCenter' Wrap='False'>
<Color  R='1' G='1' B='1' A='1' />
</Text>
</VisualStyle>
</VisualStyles>
<Bindings>
<Binding Id='114' Type='Digital' Property='State'/>
</Bindings>
<Commands>
<Command Action='TouchDown' Id='114' Type='Digital' Value='True' />
<Command Action='TouchUp' Id='114' Type='Digital' Value='False' />
</Commands>
</Control>
<Control Type='Button' Name='Button'>
<Position Units='Pixels' X='225' Y='50' />
<Size Units='Pixels' Width='90' Height='34' />
<VisualStyles>
<VisualStyle State='0' Mode='0'>
<Face Type='2D'>
<Color  R='1' G='1' B='1' A='0' />
</Face>
<Image Id='31' Alpha='1' />
<Text Id='64' FontId='8' Alignment='CenterCenter' Wrap='False'>
<Color  R='0' G='0' B='0' A='1' />
</Text>
</VisualStyle>
<VisualStyle State='1' Mode='0'>
<Face Type='2D'>
<Color  R='1' G='1' B='1' A='0' />
</Face>
<Image Id='32' Alpha='1' />
<Text Id='64' FontId='8' Alignment='CenterCenter' Wrap='False'>
<Color  R='0' G='0' B='0' A='1' />
</Text>
</VisualStyle>
</VisualStyles>
<Bindings>
<Binding Id='115' Type='Digital' Property='State'/>
</Bindings>
<Commands>
<Command Action='TouchDown' Id='115' Type='Digital' Value='True' />
<Command Action='TouchUp' Id='115' Type='Digital' Value='False' />
</Commands>
</Control>
<Control Type='Button' Name='Button'>
<Position Units='Pixels' X='8' Y='50' />
<Size Units='Pixels' Width='90' Height='34' />
<VisualStyles>
<VisualStyle State='0' Mode='0'>
<Face Type='2D'>
<Color  R='1' G='1' B='1' A='0' />
</Face>
<Image Id='31' Alpha='1' />
<Text Id='81' FontId='8' Alignment='CenterCenter' Wrap='False'>
<Color  R='0' G='0' B='0' A='1' />
</Text>
</VisualStyle>
<VisualStyle State='1' Mode='0'>
<Face Type='2D'>
<Color  R='1' G='1' B='1' A='0' />
</Face>
<Image Id='32' Alpha='1' />
<Text Id='81' FontId='8' Alignment='CenterCenter' Wrap='False'>
<Color  R='0' G='0' B='0' A='1' />
</Text>
</VisualStyle>
</VisualStyles>
<Bindings>
<Binding Id='116' Type='Digital' Property='State'/>
</Bindings>
<Commands>
<Command Action='TouchDown' Id='116' Type='Digital' Value='True' />
<Command Action='TouchUp' Id='116' Type='Digital' Value='False' />
</Commands>
</Control>
<Control Type='Button' Name='Button'>
<Position Units='Pixels' X='200' Y='227' />
<Size Units='Pixels' Width='78' Height='40' />
<VisualStyles>
<VisualStyle State='0' Mode='0'>
<Face Type='2D'>
<Color  R='0' G='0' B='0.627451' A='0' />
</Face>
<Image Id='13' Alpha='1' />
<Text Id='82' FontId='5' Alignment='CenterCenter' Wrap='False'>
<Color  R='0' G='0' B='0' A='1' />
</Text>
</VisualStyle>
<VisualStyle State='1' Mode='0'>
<Face Type='2D'>
<Color  R='1' G='1' B='1' A='0' />
</Face>
<Image Id='14' Alpha='1' />
<Text Id='82' FontId='5' Alignment='CenterCenter' Wrap='False'>
<Color  R='1' G='1' B='1' A='1' />
</Text>
</VisualStyle>
</VisualStyles>
<Bindings>
<Binding Id='117' Type='Digital' Property='State'/>
</Bindings>
<Commands>
<Command Action='TouchDown' Id='117' Type='Digital' Value='True' />
<Command Action='TouchUp' Id='117' Type='Digital' Value='False' />
</Commands>
</Control>
<Control Type='Button' Name='Button'>
<Position Units='Pixels' X='42' Y='227' />
<Size Units='Pixels' Width='78' Height='40' />
<VisualStyles>
<VisualStyle State='0' Mode='0'>
<Face Type='2D'>
<Color  R='0' G='0' B='0.627451' A='0' />
</Face>
<Image Id='13' Alpha='1' />
</VisualStyle>
<VisualStyle State='1' Mode='0'>
<Face Type='2D'>
<Color  R='1' G='1' B='1' A='0' />
</Face>
<Image Id='14' Alpha='1' />
</VisualStyle>
</VisualStyles>
</Control>
<Control Type='Button' Name='Button'>
<Position Units='Pixels' X='121' Y='104' />
<Size Units='Pixels' Width='78' Height='40' />
<VisualStyles>
<VisualStyle State='0' Mode='0'>
<Face Type='2D'>
<Color  R='0' G='0' B='0.627451' A='0' />
</Face>
<Image Id='13' Alpha='1' />
<Text Id='83' FontId='11' Alignment='CenterCenter' Wrap='False'>
<Color  R='0' G='0' B='0' A='1' />
</Text>
</VisualStyle>
<VisualStyle State='1' Mode='0'>
<Face Type='2D'>
<Color  R='1' G='1' B='1' A='0' />
</Face>
<Image Id='14' Alpha='1' />
<Text Id='83' FontId='11' Alignment='CenterCenter' Wrap='False'>
<Color  R='1' G='1' B='1' A='1' />
</Text>
</VisualStyle>
</VisualStyles>
<Bindings>
<Binding Id='118' Type='Digital' Property='State'/>
</Bindings>
<Commands>
<Command Action='TouchDown' Id='118' Type='Digital' Value='True' />
<Command Action='TouchUp' Id='118' Type='Digital' Value='False' />
</Commands>
</Control>
<Control Type='Button' Name='Button'>
<Position Units='Pixels' X='42' Y='104' />
<Size Units='Pixels' Width='78' Height='40' />
<VisualStyles>
<VisualStyle State='0' Mode='0'>
<Face Type='2D'>
<Color  R='0' G='0' B='0.627451' A='0' />
</Face>
<Image Id='13' Alpha='1' />
<Text Id='84' FontId='11' Alignment='CenterCenter' Wrap='False'>
<Color  R='0' G='0' B='0' A='1' />
</Text>
</VisualStyle>
<VisualStyle State='1' Mode='0'>
<Face Type='2D'>
<Color  R='1' G='1' B='1' A='0' />
</Face>
<Image Id='14' Alpha='1' />
<Text Id='84' FontId='11' Alignment='CenterCenter' Wrap='False'>
<Color  R='1' G='1' B='1' A='1' />
</Text>
</VisualStyle>
</VisualStyles>
<Bindings>
<Binding Id='119' Type='Digital' Property='State'/>
</Bindings>
<Commands>
<Command Action='TouchDown' Id='119' Type='Digital' Value='True' />
<Command Action='TouchUp' Id='119' Type='Digital' Value='False' />
</Commands>
</Control>
<Control Type='Button' Name='Button'>
<Position Units='Pixels' X='200' Y='104' />
<Size Units='Pixels' Width='78' Height='40' />
<VisualStyles>
<VisualStyle State='0' Mode='0'>
<Face Type='2D'>
<Color  R='0' G='0' B='0.627451' A='0' />
</Face>
<Image Id='13' Alpha='1' />
<Text Id='85' FontId='11' Alignment='CenterCenter' Wrap='False'>
<Color  R='0' G='0' B='0' A='1' />
</Text>
</VisualStyle>
<VisualStyle State='1' Mode='0'>
<Face Type='2D'>
<Color  R='1' G='1' B='1' A='0' />
</Face>
<Image Id='14' Alpha='1' />
<Text Id='85' FontId='11' Alignment='CenterCenter' Wrap='False'>
<Color  R='1' G='1' B='1' A='1' />
</Text>
</VisualStyle>
</VisualStyles>
<Bindings>
<Binding Id='120' Type='Digital' Property='State'/>
</Bindings>
<Commands>
<Command Action='TouchDown' Id='120' Type='Digital' Value='True' />
<Command Action='TouchUp' Id='120' Type='Digital' Value='False' />
</Commands>
</Control>
<Control Type='Button' Name='Button'>
<Position Units='Pixels' X='42' Y='145' />
<Size Units='Pixels' Width='78' Height='40' />
<VisualStyles>
<VisualStyle State='0' Mode='0'>
<Face Type='2D'>
<Color  R='0' G='0' B='0.627451' A='0' />
</Face>
<Image Id='13' Alpha='1' />
<Text Id='86' FontId='11' Alignment='CenterCenter' Wrap='False'>
<Color  R='0' G='0' B='0' A='1' />
</Text>
</VisualStyle>
<VisualStyle State='1' Mode='0'>
<Face Type='2D'>
<Color  R='1' G='1' B='1' A='0' />
</Face>
<Image Id='14' Alpha='1' />
<Text Id='86' FontId='11' Alignment='CenterCenter' Wrap='False'>
<Color  R='1' G='1' B='1' A='1' />
</Text>
</VisualStyle>
</VisualStyles>
<Bindings>
<Binding Id='121' Type='Digital' Property='State'/>
</Bindings>
<Commands>
<Command Action='TouchDown' Id='121' Type='Digital' Value='True' />
<Command Action='TouchUp' Id='121' Type='Digital' Value='False' />
</Commands>
</Control>
<Control Type='Button' Name='Button'>
<Position Units='Pixels' X='42' Y='186' />
<Size Units='Pixels' Width='78' Height='40' />
<VisualStyles>
<VisualStyle State='0' Mode='0'>
<Face Type='2D'>
<Color  R='0' G='0' B='0.627451' A='0' />
</Face>
<Image Id='13' Alpha='1' />
<Text Id='87' FontId='11' Alignment='CenterCenter' Wrap='False'>
<Color  R='0' G='0' B='0' A='1' />
</Text>
</VisualStyle>
<VisualStyle State='1' Mode='0'>
<Face Type='2D'>
<Color  R='1' G='1' B='1' A='0' />
</Face>
<Image Id='14' Alpha='1' />
<Text Id='87' FontId='11' Alignment='CenterCenter' Wrap='False'>
<Color  R='1' G='1' B='1' A='1' />
</Text>
</VisualStyle>
</VisualStyles>
<Bindings>
<Binding Id='122' Type='Digital' Property='State'/>
</Bindings>
<Commands>
<Command Action='TouchDown' Id='122' Type='Digital' Value='True' />
<Command Action='TouchUp' Id='122' Type='Digital' Value='False' />
</Commands>
</Control>
<Control Type='Button' Name='Button'>
<Position Units='Pixels' X='121' Y='145' />
<Size Units='Pixels' Width='78' Height='40' />
<VisualStyles>
<VisualStyle State='0' Mode='0'>
<Face Type='2D'>
<Color  R='0' G='0' B='0.627451' A='0' />
</Face>
<Image Id='13' Alpha='1' />
<Text Id='88' FontId='11' Alignment='CenterCenter' Wrap='False'>
<Color  R='0' G='0' B='0' A='1' />
</Text>
</VisualStyle>
<VisualStyle State='1' Mode='0'>
<Face Type='2D'>
<Color  R='1' G='1' B='1' A='0' />
</Face>
<Image Id='14' Alpha='1' />
<Text Id='88' FontId='11' Alignment='CenterCenter' Wrap='False'>
<Color  R='1' G='1' B='1' A='1' />
</Text>
</VisualStyle>
</VisualStyles>
<Bindings>
<Binding Id='123' Type='Digital' Property='State'/>
</Bindings>
<Commands>
<Command Action='TouchDown' Id='123' Type='Digital' Value='True' />
<Command Action='TouchUp' Id='123' Type='Digital' Value='False' />
</Commands>
</Control>
<Control Type='Button' Name='Button'>
<Position Units='Pixels' X='200' Y='145' />
<Size Units='Pixels' Width='78' Height='40' />
<VisualStyles>
<VisualStyle State='0' Mode='0'>
<Face Type='2D'>
<Color  R='0' G='0' B='0.627451' A='0' />
</Face>
<Image Id='13' Alpha='1' />
<Text Id='89' FontId='11' Alignment='CenterCenter' Wrap='False'>
<Color  R='0' G='0' B='0' A='1' />
</Text>
</VisualStyle>
<VisualStyle State='1' Mode='0'>
<Face Type='2D'>
<Color  R='1' G='1' B='1' A='0' />
</Face>
<Image Id='14' Alpha='1' />
<Text Id='89' FontId='11' Alignment='CenterCenter' Wrap='False'>
<Color  R='1' G='1' B='1' A='1' />
</Text>
</VisualStyle>
</VisualStyles>
<Bindings>
<Binding Id='124' Type='Digital' Property='State'/>
</Bindings>
<Commands>
<Command Action='TouchDown' Id='124' Type='Digital' Value='True' />
<Command Action='TouchUp' Id='124' Type='Digital' Value='False' />
</Commands>
</Control>
<Control Type='Button' Name='Button'>
<Position Units='Pixels' X='121' Y='186' />
<Size Units='Pixels' Width='78' Height='40' />
<VisualStyles>
<VisualStyle State='0' Mode='0'>
<Face Type='2D'>
<Color  R='0' G='0' B='0.627451' A='0' />
</Face>
<Image Id='13' Alpha='1' />
<Text Id='90' FontId='11' Alignment='CenterCenter' Wrap='False'>
<Color  R='0' G='0' B='0' A='1' />
</Text>
</VisualStyle>
<VisualStyle State='1' Mode='0'>
<Face Type='2D'>
<Color  R='1' G='1' B='1' A='0' />
</Face>
<Image Id='14' Alpha='1' />
<Text Id='90' FontId='11' Alignment='CenterCenter' Wrap='False'>
<Color  R='1' G='1' B='1' A='1' />
</Text>
</VisualStyle>
</VisualStyles>
<Bindings>
<Binding Id='125' Type='Digital' Property='State'/>
</Bindings>
<Commands>
<Command Action='TouchDown' Id='125' Type='Digital' Value='True' />
<Command Action='TouchUp' Id='125' Type='Digital' Value='False' />
</Commands>
</Control>
<Control Type='Button' Name='Button'>
<Position Units='Pixels' X='200' Y='186' />
<Size Units='Pixels' Width='78' Height='40' />
<VisualStyles>
<VisualStyle State='0' Mode='0'>
<Face Type='2D'>
<Color  R='0' G='0' B='0.627451' A='0' />
</Face>
<Image Id='13' Alpha='1' />
<Text Id='91' FontId='11' Alignment='CenterCenter' Wrap='False'>
<Color  R='0' G='0' B='0' A='1' />
</Text>
</VisualStyle>
<VisualStyle State='1' Mode='0'>
<Face Type='2D'>
<Color  R='1' G='1' B='1' A='0' />
</Face>
<Image Id='14' Alpha='1' />
<Text Id='91' FontId='11' Alignment='CenterCenter' Wrap='False'>
<Color  R='1' G='1' B='1' A='1' />
</Text>
</VisualStyle>
</VisualStyles>
<Bindings>
<Binding Id='126' Type='Digital' Property='State'/>
</Bindings>
<Commands>
<Command Action='TouchDown' Id='126' Type='Digital' Value='True' />
<Command Action='TouchUp' Id='126' Type='Digital' Value='False' />
</Commands>
</Control>
<Control Type='Button' Name='Button'>
<Position Units='Pixels' X='121' Y='227' />
<Size Units='Pixels' Width='78' Height='40' />
<VisualStyles>
<VisualStyle State='0' Mode='0'>
<Face Type='2D'>
<Color  R='0' G='0' B='0.627451' A='0' />
</Face>
<Image Id='13' Alpha='1' />
<Text Id='92' FontId='11' Alignment='CenterCenter' Wrap='False'>
<Color  R='0' G='0' B='0' A='1' />
</Text>
</VisualStyle>
<VisualStyle State='1' Mode='0'>
<Face Type='2D'>
<Color  R='1' G='1' B='1' A='0' />
</Face>
<Image Id='14' Alpha='1' />
<Text Id='92' FontId='11' Alignment='CenterCenter' Wrap='False'>
<Color  R='1' G='1' B='1' A='1' />
</Text>
</VisualStyle>
</VisualStyles>
<Bindings>
<Binding Id='127' Type='Digital' Property='State'/>
</Bindings>
<Commands>
<Command Action='TouchDown' Id='127' Type='Digital' Value='True' />
<Command Action='TouchUp' Id='127' Type='Digital' Value='False' />
</Commands>
</Control>
<Control Type='Button' Name='Button'>
<Position Units='Pixels' X='22' Y='329' />
<Size Units='Pixels' Width='78' Height='40' />
<VisualStyles>
<VisualStyle State='0' Mode='0'>
<Face Type='2D'>
<Color  R='0' G='0' B='0.627451' A='0' />
</Face>
<Image Id='13' Alpha='1' />
<Text Id='78' FontId='3' Alignment='CenterCenter' Wrap='False'>
<Color  R='0' G='0' B='0' A='1' />
</Text>
</VisualStyle>
<VisualStyle State='1' Mode='0'>
<Face Type='2D'>
<Color  R='1' G='1' B='1' A='0' />
</Face>
<Image Id='14' Alpha='1' />
<Text Id='78' FontId='3' Alignment='CenterCenter' Wrap='False'>
<Color  R='1' G='1' B='1' A='1' />
</Text>
</VisualStyle>
</VisualStyles>
<Bindings>
<Binding Id='128' Type='Digital' Property='State'/>
</Bindings>
<Commands>
<Command Action='TouchDown' Id='128' Type='Digital' Value='True' />
<Command Action='TouchUp' Id='128' Type='Digital' Value='False' />
</Commands>
</Control>
<Control Type='Button' Name='Button'>
<Position Units='Pixels' X='106' Y='47' />
<Size Units='Pixels' Width='40' Height='40' />
<VisualStyles>
<VisualStyle State='0' Mode='0'>
<Face Type='2D'>
<Color  R='0.4' G='0.4' B='0.4' A='0' />
</Face>
<Image Id='54' Alpha='1' />
</VisualStyle>
<VisualStyle State='1' Mode='0'>
<Face Type='2D'>
<Color  R='1' G='0.501961' B='0' A='0' />
</Face>
<Image Id='55' Alpha='1' />
</VisualStyle>
</VisualStyles>
<Bindings>
<Binding Id='129' Type='Digital' Property='State'/>
</Bindings>
<Commands>
<Command Action='TouchDown' Id='129' Type='Digital' Value='True' />
<Command Action='TouchUp' Id='129' Type='Digital' Value='False' />
</Commands>
</Control>
<Control Type='Button' Name='Button'>
<Position Units='Pixels' X='174' Y='47' />
<Size Units='Pixels' Width='40' Height='40' />
<VisualStyles>
<VisualStyle State='0' Mode='0'>
<Face Type='2D'>
<Color  R='0.4' G='0.4' B='0.4' A='0' />
</Face>
<Image Id='56' Alpha='1' />
</VisualStyle>
<VisualStyle State='1' Mode='0'>
<Face Type='2D'>
<Color  R='1' G='0.501961' B='0' A='0' />
</Face>
<Image Id='57' Alpha='1' />
</VisualStyle>
</VisualStyles>
<Bindings>
<Binding Id='130' Type='Digital' Property='State'/>
</Bindings>
<Commands>
<Command Action='TouchDown' Id='130' Type='Digital' Value='True' />
<Command Action='TouchUp' Id='130' Type='Digital' Value='False' />
</Commands>
</Control>
<Control Type='Button' Name='Text'>
<Position Units='Pixels' X='137' Y='53' />
<Size Units='Pixels' Width='47' Height='25' />
<VisualStyles>
<VisualStyle State='0' Mode='0'>
<Text Id='93' FontId='5' Alignment='CenterCenter' Wrap='False'>
<Color  R='0.615686' G='0.772549' B='1' A='1' />
</Text>
</VisualStyle>
</VisualStyles>
</Control>
<Control Type='Button' Name='Border'>
<Position Units='Pixels' X='5' Y='6' />
<Size Units='Pixels' Width='160' Height='45' />
<VisualStyles>
<VisualStyle State='0' Mode='0'>
<Face Type='2D'>
<Color  R='0' G='0' B='0' A='0' />
</Face>
<Text FontId='7' Alignment='CenterRight' Wrap='False'>
<Bindings>
<Binding Id='30' Type='Serial' Property='Text'/>
</Bindings>
<Color  R='1' G='1' B='1' A='1' />
</Text>
</VisualStyle>
</VisualStyles>
</Control>
<Control Type='Button' Name='Border'>
<Position Units='Pixels' X='169' Y='6' />
<Size Units='Pixels' Width='83' Height='45' />
<VisualStyles>
<VisualStyle State='0' Mode='0'>
<Face Type='2D'>
<Color  R='0' G='0' B='0' A='0' />
</Face>
<Text FontId='7' Alignment='CenterLeft' Wrap='False'>
<Bindings>
<Binding Id='31' Type='Serial' Property='Text'/>
</Bindings>
<Color  R='1' G='1' B='1' A='1' />
</Text>
</VisualStyle>
</VisualStyles>
</Control>
<Control Type='Button' Name='Text'>
<Position Units='Pixels' X='220' Y='329' />
<Size Units='Pixels' Width='78' Height='40' />
<VisualStyles>
<VisualStyle State='0' Mode='0'>
<Text Id='94' FontId='3' Alignment='CenterCenter' Wrap='False'>
<Color  R='0' G='0' B='0' A='1' />
</Text>
</VisualStyle>
</VisualStyles>
</Control>
</Control>
</File>
