<?xml version='1.0' encoding='ISO-8859-1' ?>
<File Type='Page' Version='2.1.0'>
<Control Type='Subpage' Name='[SOVRUM] [AM-FM Tuner - AM-FM 1] Preset Save Popup'>
<Position Units='Pixels' X='0' Y='0' />
<Size Units='Pixels' Width='320' Height='370' />
<VisualStyles>
<VisualStyle>
<Background>
<Color  R='0' G='0' B='0' A='0' />
</Background>
</VisualStyle>
</VisualStyles>
<Control Type='Button' Name='Image'>
<Position Units='Pixels' X='0' Y='1' />
<Size Units='Pixels' Width='320' Height='369' />
<VisualStyles>
<VisualStyle State='0' Mode='0'>
<Image Id='29' Alpha='1' />
</VisualStyle>
</VisualStyles>
</Control>
<Control Type='Button' Name='Image'>
<Position Units='Pixels' X='10' Y='55' />
<Size Units='Pixels' Width='300' Height='260' />
<VisualStyles>
<VisualStyle State='0' Mode='0'>
<Image Id='15' Alpha='1' />
</VisualStyle>
</VisualStyles>
</Control>
<Control Type='Button' Name='Button'>
<Position Units='Pixels' X='22' Y='156' />
<Size Units='Pixels' Width='276' Height='57' />
<VisualStyles>
<VisualStyle State='0' Mode='0'>
<Face Type='2D'>
<Color  R='0' G='0' B='0.835294' A='0' />
</Face>
<Image Id='2' Alpha='1' />
</VisualStyle>
<VisualStyle State='1' Mode='0'>
<Face Type='2D'>
<Color  R='0.00392157' G='0.54902' B='0.996078' A='0' />
</Face>
<Image Id='3' Alpha='1' />
</VisualStyle>
</VisualStyles>
<Bindings>
<Binding Id='159' Type='Digital' Property='State'/>
</Bindings>
<Commands>
<Command Action='TouchDown' Id='159' Type='Digital' Value='True' />
<Command Action='TouchUp' Id='159' Type='Digital' Value='False' />
</Commands>
</Control>
<Control Type='Button' Name='Button'>
<Position Units='Pixels' X='22' Y='212' />
<Size Units='Pixels' Width='276' Height='57' />
<VisualStyles>
<VisualStyle State='0' Mode='0'>
<Face Type='2D'>
<Color  R='0' G='0' B='0.835294' A='0' />
</Face>
<Image Id='2' Alpha='1' />
<Text Id='67' FontId='1' Alignment='CenterLeft' Wrap='False'>
<Color  R='1' G='1' B='1' A='1' />
</Text>
</VisualStyle>
<VisualStyle State='1' Mode='0'>
<Face Type='2D'>
<Color  R='0.00392157' G='0.54902' B='0.996078' A='0' />
</Face>
<Image Id='3' Alpha='1' />
<Text Id='67' FontId='1' Alignment='CenterLeft' Wrap='False'>
<Color  R='1' G='1' B='1' A='1' />
</Text>
</VisualStyle>
</VisualStyles>
<Bindings>
<Binding Id='160' Type='Digital' Property='State'/>
</Bindings>
<Commands>
<Command Action='TouchDown' Id='160' Type='Digital' Value='True' />
<Command Action='TouchUp' Id='160' Type='Digital' Value='False' />
</Commands>
</Control>
<Control Type='Button' Name='Text'>
<Position Units='Pixels' X='22' Y='73' />
<Size Units='Pixels' Width='276' Height='57' />
<VisualStyles>
<VisualStyle State='0' Mode='0'>
<Text Id='98' FontId='4' Alignment='CenterCenter' Wrap='False'>
<Color  R='0' G='0' B='0' A='1' />
</Text>
</VisualStyle>
</VisualStyles>
</Control>
<Control Type='Button' Name='Text'>
<Position Units='Pixels' X='22' Y='72' />
<Size Units='Pixels' Width='276' Height='57' />
<VisualStyles>
<VisualStyle State='0' Mode='0'>
<Text Id='98' FontId='4' Alignment='CenterCenter' Wrap='False'>
<Color  R='1' G='1' B='1' A='1' />
</Text>
</VisualStyle>
</VisualStyles>
</Control>
<Control Type='Button' Name='Text'>
<Position Units='Pixels' X='22' Y='156' />
<Size Units='Pixels' Width='276' Height='57' />
<VisualStyles>
<VisualStyle State='0' Mode='0'>
<Text Id='99' FontId='5' Alignment='CenterLeft' Wrap='False'>
<Color  R='1' G='1' B='1' A='1' />
</Text>
</VisualStyle>
</VisualStyles>
</Control>
</Control>
</File>
