<?xml version='1.0' encoding='ISO-8859-1' ?>
<File Type='Page' Version='2.1.0'>
<Control Type='Subpage' Name='[SOVRUM] [iPod] Player'>
<Position Units='Pixels' X='0' Y='0' />
<Size Units='Pixels' Width='320' Height='375' />
<VisualStyles>
<VisualStyle>
<Background>
<Color  R='1' G='0' B='0' A='0' />
</Background>
</VisualStyle>
</VisualStyles>
<Control Type='Button' Name='Image'>
<Position Units='Pixels' X='0' Y='97' />
<Size Units='Pixels' Width='320' Height='228' />
<VisualStyles>
<VisualStyle State='0' Mode='0'>
<Image Id='41' Alpha='1' />
</VisualStyle>
</VisualStyles>
</Control>
<Control Type='Button' Name='Image'>
<Position Units='Pixels' X='0' Y='0' />
<Size Units='Pixels' Width='320' Height='98' />
<VisualStyles>
<VisualStyle State='0' Mode='0'>
<Image Id='53' Alpha='1' />
</VisualStyle>
</VisualStyles>
</Control>
<Control Type='Button' Name='Button'>
<Position Units='Pixels' X='128' Y='34' />
<Size Units='Pixels' Width='64' Height='64' />
<VisualStyles>
<VisualStyle State='0' Mode='0'>
<Face Type='2D'>
<Color  R='0.4' G='0.4' B='0.4' A='0' />
</Face>
<Image Id='71' Alpha='1' />
</VisualStyle>
<VisualStyle State='1' Mode='0'>
<Face Type='2D'>
<Color  R='1' G='0.501961' B='0' A='0' />
</Face>
<Image Id='72' Alpha='1' />
</VisualStyle>
</VisualStyles>
<Bindings>
<Binding Id='271' Type='Digital' Property='State'/>
</Bindings>
<Commands>
<Command Action='TouchDown' Id='271' Type='Digital' Value='True' />
<Command Action='TouchUp' Id='271' Type='Digital' Value='False' />
</Commands>
</Control>
<Control Type='Button' Name='Button'>
<Position Units='Pixels' X='256' Y='34' />
<Size Units='Pixels' Width='64' Height='64' />
<VisualStyles>
<VisualStyle State='0' Mode='0'>
<Face Type='2D'>
<Color  R='0.4' G='0.4' B='0.4' A='0' />
</Face>
<Image Id='73' Alpha='1' />
</VisualStyle>
<VisualStyle State='1' Mode='0'>
<Face Type='2D'>
<Color  R='1' G='0.501961' B='0' A='0' />
</Face>
<Image Id='74' Alpha='1' />
</VisualStyle>
</VisualStyles>
<Bindings>
<Binding Id='272' Type='Digital' Property='State'/>
</Bindings>
<Commands>
<Command Action='TouchDown' Id='272' Type='Digital' Value='True' />
<Command Action='TouchUp' Id='272' Type='Digital' Value='False' />
</Commands>
</Control>
<Control Type='Button' Name='Button'>
<Position Units='Pixels' X='64' Y='34' />
<Size Units='Pixels' Width='64' Height='64' />
<VisualStyles>
<VisualStyle State='0' Mode='0'>
<Face Type='2D'>
<Color  R='0.4' G='0.4' B='0.4' A='0' />
</Face>
<Image Id='75' Alpha='1' />
</VisualStyle>
<VisualStyle State='1' Mode='0'>
<Face Type='2D'>
<Color  R='1' G='0.501961' B='0' A='0' />
</Face>
<Image Id='76' Alpha='1' />
</VisualStyle>
</VisualStyles>
<Bindings>
<Binding Id='273' Type='Digital' Property='State'/>
</Bindings>
<Commands>
<Command Action='TouchDown' Id='273' Type='Digital' Value='True' />
<Command Action='TouchUp' Id='273' Type='Digital' Value='False' />
</Commands>
</Control>
<Control Type='Button' Name='Button'>
<Position Units='Pixels' X='192' Y='34' />
<Size Units='Pixels' Width='64' Height='64' />
<VisualStyles>
<VisualStyle State='0' Mode='0'>
<Face Type='2D'>
<Color  R='0.4' G='0.4' B='0.4' A='0' />
</Face>
<Image Id='77' Alpha='1' />
</VisualStyle>
<VisualStyle State='1' Mode='0'>
<Face Type='2D'>
<Color  R='1' G='0.501961' B='0' A='0' />
</Face>
<Image Id='78' Alpha='1' />
</VisualStyle>
</VisualStyles>
<Bindings>
<Binding Id='274' Type='Digital' Property='State'/>
</Bindings>
<Commands>
<Command Action='TouchDown' Id='274' Type='Digital' Value='True' />
<Command Action='TouchUp' Id='274' Type='Digital' Value='False' />
</Commands>
</Control>
<Control Type='Button' Name='Button'>
<Position Units='Pixels' X='3' Y='34' />
<Size Units='Pixels' Width='64' Height='64' />
<VisualStyles>
<VisualStyle State='0' Mode='0'>
<Face Type='2D'>
<Color  R='0.4' G='0.4' B='0.4' A='0' />
</Face>
<Image Id='79' Alpha='1' />
</VisualStyle>
<VisualStyle State='1' Mode='0'>
<Face Type='2D'>
<Color  R='1' G='0.501961' B='0' A='0' />
</Face>
<Image Id='80' Alpha='1' />
</VisualStyle>
</VisualStyles>
<Bindings>
<Binding Id='275' Type='Digital' Property='State'/>
</Bindings>
<Commands>
<Command Action='TouchDown' Id='275' Type='Digital' Value='True' />
<Command Action='TouchUp' Id='275' Type='Digital' Value='False' />
</Commands>
</Control>
<Control Type='Button' Name='Text'>
<Position Units='Pixels' X='4' Y='3' />
<Size Units='Pixels' Width='306' Height='31' />
<VisualStyles>
<VisualStyle State='0' Mode='0'>
<Text Id='105' FontId='5' Alignment='CenterLeft' Wrap='False'>
<Color  R='0.8' G='0.878431' B='1' A='1' />
</Text>
</VisualStyle>
</VisualStyles>
</Control>
<Control Type='Button' Name='Image'>
<Position Units='Pixels' X='0' Y='326' />
<Size Units='Pixels' Width='320' Height='48' />
<VisualStyles>
<VisualStyle State='0' Mode='0'>
<Image Id='12' Alpha='1' />
</VisualStyle>
</VisualStyles>
</Control>
<Control Type='Button' Name='Button'>
<Position Units='Pixels' X='22' Y='329' />
<Size Units='Pixels' Width='78' Height='40' />
<VisualStyles>
<VisualStyle State='0' Mode='0'>
<Face Type='2D'>
<Color  R='0' G='0' B='0.627451' A='0' />
</Face>
<Image Id='13' Alpha='1' />
<Text Id='106' FontId='3' Alignment='CenterCenter' Wrap='False'>
<Color  R='0' G='0' B='0' A='1' />
</Text>
</VisualStyle>
<VisualStyle State='1' Mode='0'>
<Face Type='2D'>
<Color  R='1' G='1' B='1' A='0' />
</Face>
<Image Id='14' Alpha='1' />
<Text Id='106' FontId='3' Alignment='CenterCenter' Wrap='False'>
<Color  R='1' G='1' B='1' A='1' />
</Text>
</VisualStyle>
</VisualStyles>
<Bindings>
<Binding Id='276' Type='Digital' Property='State'/>
</Bindings>
<Commands>
<Command Action='TouchDown' Id='276' Type='Digital' Value='True' />
<Command Action='TouchUp' Id='276' Type='Digital' Value='False' />
</Commands>
</Control>
<Control Type='Button' Name='Button'>
<Position Units='Pixels' X='121' Y='329' />
<Size Units='Pixels' Width='78' Height='40' />
<VisualStyles>
<VisualStyle State='0' Mode='0'>
<Face Type='2D'>
<Color  R='0' G='0' B='0.627451' A='0' />
</Face>
<Image Id='13' Alpha='1' />
<Text FontId='3' Alignment='CenterCenter' Wrap='False'>
<Bindings>
<Binding Id='62' Type='Serial' Property='Text'/>
</Bindings>
<Color  R='0' G='0' B='0' A='1' />
</Text>
</VisualStyle>
<VisualStyle State='1' Mode='0'>
<Face Type='2D'>
<Color  R='1' G='1' B='1' A='0' />
</Face>
<Image Id='14' Alpha='1' />
<Text FontId='3' Alignment='CenterCenter' Wrap='False'>
<Bindings>
<Binding Id='62' Type='Serial' Property='Text'/>
</Bindings>
<Color  R='1' G='1' B='1' A='1' />
</Text>
</VisualStyle>
</VisualStyles>
<Bindings>
<Binding Id='277' Type='Digital' Property='State'/>
</Bindings>
<Commands>
<Command Action='TouchDown' Id='277' Type='Digital' Value='True' />
<Command Action='TouchUp' Id='277' Type='Digital' Value='False' />
</Commands>
</Control>
<Control Type='Button' Name='Button'>
<Position Units='Pixels' X='220' Y='329' />
<Size Units='Pixels' Width='78' Height='40' />
<VisualStyles>
<VisualStyle State='0' Mode='0'>
<Face Type='2D'>
<Color  R='0' G='0' B='0.627451' A='0' />
</Face>
<Image Id='13' Alpha='1' />
<Text FontId='3' Alignment='CenterCenter' Wrap='False'>
<Bindings>
<Binding Id='63' Type='Serial' Property='Text'/>
</Bindings>
<Color  R='0' G='0' B='0' A='1' />
</Text>
</VisualStyle>
<VisualStyle State='1' Mode='0'>
<Face Type='2D'>
<Color  R='1' G='1' B='1' A='0' />
</Face>
<Image Id='14' Alpha='1' />
<Text FontId='3' Alignment='CenterCenter' Wrap='False'>
<Bindings>
<Binding Id='63' Type='Serial' Property='Text'/>
</Bindings>
<Color  R='1' G='1' B='1' A='1' />
</Text>
</VisualStyle>
</VisualStyles>
<Bindings>
<Binding Id='278' Type='Digital' Property='State'/>
</Bindings>
<Commands>
<Command Action='TouchDown' Id='278' Type='Digital' Value='True' />
<Command Action='TouchUp' Id='278' Type='Digital' Value='False' />
</Commands>
</Control>
<Control Type='Button' Name='Text'>
<Position Units='Pixels' X='121' Y='305' />
<Size Units='Pixels' Width='78' Height='20' />
<VisualStyles>
<VisualStyle State='0' Mode='0'>
<Text Id='107' FontId='3' Alignment='CenterCenter' Wrap='False'>
<Color  R='0.615686' G='0.772549' B='1' A='1' />
</Text>
</VisualStyle>
</VisualStyles>
</Control>
<Control Type='Button' Name='Text'>
<Position Units='Pixels' X='220' Y='305' />
<Size Units='Pixels' Width='78' Height='20' />
<VisualStyles>
<VisualStyle State='0' Mode='0'>
<Text Id='108' FontId='3' Alignment='CenterCenter' Wrap='False'>
<Color  R='0.615686' G='0.772549' B='1' A='1' />
</Text>
</VisualStyle>
</VisualStyles>
</Control>
<Control Type='Button' Name='Text'>
<Position Units='Pixels' X='4' Y='276' />
<Size Units='Pixels' Width='306' Height='31' />
<VisualStyles>
<VisualStyle State='0' Mode='0'>
<Text FontId='1' Alignment='CenterLeft' Wrap='True'>
<Bindings>
<Binding Id='64' Type='Serial' Property='Text'/>
</Bindings>
<Color  R='1' G='1' B='1' A='1' />
</Text>
</VisualStyle>
</VisualStyles>
</Control>
<Control Type='Button' Name='Text'>
<Position Units='Pixels' X='4' Y='263' />
<Size Units='Pixels' Width='126' Height='24' />
<VisualStyles>
<VisualStyle State='0' Mode='0'>
<Text Id='109' FontId='5' Alignment='CenterLeft' Wrap='False'>
<Color  R='0' G='0' B='0' A='1' />
</Text>
</VisualStyle>
</VisualStyles>
</Control>
<Control Type='Button' Name='Text'>
<Position Units='Pixels' X='4' Y='262' />
<Size Units='Pixels' Width='95' Height='24' />
<VisualStyles>
<VisualStyle State='0' Mode='0'>
<Text Id='109' FontId='5' Alignment='CenterLeft' Wrap='False'>
<Color  R='0.615686' G='0.772549' B='1' A='1' />
</Text>
</VisualStyle>
</VisualStyles>
</Control>
<Control Type='Button' Name='Text'>
<Position Units='Pixels' X='4' Y='212' />
<Size Units='Pixels' Width='306' Height='31' />
<VisualStyles>
<VisualStyle State='0' Mode='0'>
<Text FontId='1' Alignment='CenterLeft' Wrap='True'>
<Bindings>
<Binding Id='65' Type='Serial' Property='Text'/>
</Bindings>
<Color  R='1' G='1' B='1' A='1' />
</Text>
</VisualStyle>
</VisualStyles>
</Control>
<Control Type='Button' Name='Text'>
<Position Units='Pixels' X='4' Y='199' />
<Size Units='Pixels' Width='92' Height='24' />
<VisualStyles>
<VisualStyle State='0' Mode='0'>
<Text Id='110' FontId='5' Alignment='CenterLeft' Wrap='False'>
<Color  R='0' G='0' B='0' A='1' />
</Text>
</VisualStyle>
</VisualStyles>
</Control>
<Control Type='Button' Name='Text'>
<Position Units='Pixels' X='4' Y='151' />
<Size Units='Pixels' Width='92' Height='24' />
<VisualStyles>
<VisualStyle State='0' Mode='0'>
<Text Id='111' FontId='5' Alignment='CenterLeft' Wrap='False'>
<Color  R='0' G='0' B='0' A='1' />
</Text>
</VisualStyle>
</VisualStyles>
</Control>
<Control Type='Button' Name='Text'>
<Position Units='Pixels' X='4' Y='150' />
<Size Units='Pixels' Width='92' Height='24' />
<VisualStyles>
<VisualStyle State='0' Mode='0'>
<Text Id='111' FontId='5' Alignment='CenterLeft' Wrap='False'>
<Color  R='0.615686' G='0.772549' B='1' A='1' />
</Text>
</VisualStyle>
</VisualStyles>
</Control>
<Control Type='Button' Name='Text'>
<Position Units='Pixels' X='4' Y='164' />
<Size Units='Pixels' Width='306' Height='31' />
<VisualStyles>
<VisualStyle State='0' Mode='0'>
<Text FontId='1' Alignment='CenterLeft' Wrap='True'>
<Bindings>
<Binding Id='66' Type='Serial' Property='Text'/>
</Bindings>
<Color  R='1' G='1' B='1' A='1' />
</Text>
</VisualStyle>
</VisualStyles>
</Control>
<Control Type='Button' Name='Text'>
<Position Units='Pixels' X='4' Y='198' />
<Size Units='Pixels' Width='92' Height='24' />
<VisualStyles>
<VisualStyle State='0' Mode='0'>
<Text Id='110' FontId='5' Alignment='CenterLeft' Wrap='False'>
<Color  R='0.615686' G='0.772549' B='1' A='1' />
</Text>
</VisualStyle>
</VisualStyles>
</Control>
<Control Type='Button' Name='Text'>
<Position Units='Pixels' X='4' Y='104' />
<Size Units='Pixels' Width='92' Height='24' />
<VisualStyles>
<VisualStyle State='0' Mode='0'>
<Text Id='112' FontId='5' Alignment='CenterLeft' Wrap='False'>
<Color  R='0' G='0' B='0' A='1' />
</Text>
</VisualStyle>
</VisualStyles>
</Control>
<Control Type='Button' Name='Text'>
<Position Units='Pixels' X='4' Y='117' />
<Size Units='Pixels' Width='306' Height='31' />
<VisualStyles>
<VisualStyle State='0' Mode='0'>
<Text FontId='1' Alignment='CenterLeft' Wrap='True'>
<Bindings>
<Binding Id='67' Type='Serial' Property='Text'/>
</Bindings>
<Color  R='1' G='1' B='1' A='1' />
</Text>
</VisualStyle>
</VisualStyles>
</Control>
<Control Type='Button' Name='Text'>
<Position Units='Pixels' X='4' Y='103' />
<Size Units='Pixels' Width='74' Height='24' />
<VisualStyles>
<VisualStyle State='0' Mode='0'>
<Text Id='112' FontId='5' Alignment='CenterLeft' Wrap='False'>
<Color  R='0.615686' G='0.772549' B='1' A='1' />
</Text>
</VisualStyle>
</VisualStyles>
</Control>
<Control Type='Button' Name='Image'>
<Position Units='Pixels' X='194' Y='9' />
<Size Units='Pixels' Width='119' Height='21' />
<VisualStyles>
<VisualStyle State='0' Mode='0'>
<Image Id='30' Alpha='1' />
</VisualStyle>
</VisualStyles>
</Control>
<Control Type='Button' Name='Text'>
<Position Units='Pixels' X='195' Y='9' />
<Size Units='Pixels' Width='114' Height='21' />
<VisualStyles>
<VisualStyle State='0' Mode='0'>
<Text FontId='13' Alignment='CenterLeft' Wrap='False'>
<Bindings>
<Binding Id='60' Type='Serial' Property='Text'/>
</Bindings>
<Color  R='1' G='1' B='1' A='1' />
</Text>
</VisualStyle>
</VisualStyles>
</Control>
</Control>
</File>
