<?xml version='1.0' encoding='ISO-8859-1' ?>
<File Type='Page' Version='2.1.0'>
<Control Type='Subpage' Name='[SOVRUM] [iPod] Message Page'>
<Position Units='Pixels' X='0' Y='0' />
<Size Units='Pixels' Width='320' Height='370' />
<VisualStyles>
<VisualStyle>
<Background>
<Color  R='0' G='0' B='0' A='0' />
</Background>
</VisualStyle>
</VisualStyles>
<Control Type='Button' Name='Image'>
<Position Units='Pixels' X='0' Y='1' />
<Size Units='Pixels' Width='320' Height='369' />
<VisualStyles>
<VisualStyle State='0' Mode='0'>
<Image Id='29' Alpha='1' />
</VisualStyle>
</VisualStyles>
</Control>
<Control Type='Button' Name='Button'>
<Position Units='Pixels' X='0' Y='1' />
<Size Units='Pixels' Width='320' Height='369' />
<VisualStyles>
<VisualStyle State='0' Mode='0'>
<Face Type='2D'>
<Color  R='0.25098' G='0' B='0.752941' A='0' />
</Face>
</VisualStyle>
<VisualStyle State='1' Mode='0'>
<Face Type='2D'>
<Color  R='1' G='0.501961' B='0' A='0' />
</Face>
</VisualStyle>
</VisualStyles>
<Commands>
<Command Action='TouchDown' PageFlip='Return' Transition='0' TransitionDuration='-1' />
</Commands>
</Control>
<Control Type='Button' Name='Image'>
<Position Units='Pixels' X='10' Y='118' />
<Size Units='Pixels' Width='300' Height='135' />
<VisualStyles>
<VisualStyle State='0' Mode='0'>
<Image Id='30' Alpha='1' />
</VisualStyle>
</VisualStyles>
</Control>
<Control Type='Button' Name='Text'>
<Position Units='Pixels' X='17' Y='147' />
<Size Units='Pixels' Width='287' Height='77' />
<VisualStyles>
<VisualStyle State='0' Mode='0'>
<Text FontId='4' Alignment='CenterCenter' Wrap='True'>
<Bindings>
<Binding Id='69' Type='Serial' Property='Text'/>
</Bindings>
<Color  R='0' G='0' B='0' A='1' />
</Text>
</VisualStyle>
</VisualStyles>
</Control>
<Control Type='Button' Name='Text'>
<Position Units='Pixels' X='17' Y='146' />
<Size Units='Pixels' Width='287' Height='77' />
<VisualStyles>
<VisualStyle State='0' Mode='0'>
<Text FontId='4' Alignment='CenterCenter' Wrap='True'>
<Bindings>
<Binding Id='69' Type='Serial' Property='Text'/>
</Bindings>
<Color  R='1' G='1' B='1' A='1' />
</Text>
</VisualStyle>
</VisualStyles>
</Control>
</Control>
</File>
