<?xml version='1.0' encoding='ISO-8859-1' ?>
<File Type='Page' Version='2.1.0'>
<Control Type='Subpage' Name='[SOVRUM] [iPod] Busy'>
<Position Units='Pixels' X='0' Y='0' />
<Size Units='Pixels' Width='310' Height='60' />
<VisualStyles>
<VisualStyle>
<Background>
<Color  R='0' G='0' B='0' A='0' />
</Background>
</VisualStyle>
</VisualStyles>
<Control Type='Button' Name='Image'>
<Position Units='Pixels' X='0' Y='0' />
<Size Units='Pixels' Width='310' Height='60' />
<VisualStyles>
<VisualStyle State='0' Mode='0'>
<Image Id='62' Alpha='1' />
</VisualStyle>
</VisualStyles>
</Control>
<Control Type='Button' Name='Animation' KeyClick='False'>
<Position Units='Pixels' X='16' Y='8' />
<Size Units='Pixels' Width='40' Height='40' />
<VisualStyles>
<VisualStyle  Mode='0' State='0'>
<Image Id='63' Alpha='1' />
</VisualStyle>
<VisualStyle  Mode='1' State='0'>
<Image Id='64' Alpha='1' />
</VisualStyle>
<VisualStyle  Mode='2' State='0'>
<Image Id='65' Alpha='1' />
</VisualStyle>
<VisualStyle  Mode='3' State='0'>
<Image Id='66' Alpha='1' />
</VisualStyle>
<VisualStyle  Mode='4' State='0'>
<Image Id='67' Alpha='1' />
</VisualStyle>
<VisualStyle  Mode='5' State='0'>
<Image Id='68' Alpha='1' />
</VisualStyle>
<VisualStyle  Mode='6' State='0'>
<Image Id='69' Alpha='1' />
</VisualStyle>
</VisualStyles>
<Bindings>
<Binding Id='1' Type='Analog' Property='Mode'/>
</Bindings>
</Control>
<Control Type='Button' Name='Text'>
<Position Units='Pixels' X='103' Y='0' />
<Size Units='Pixels' Width='104' Height='60' />
<VisualStyles>
<VisualStyle State='0' Mode='0'>
<Text Id='104' FontId='4' Alignment='CenterCenter' Wrap='False'>
<Color  R='1' G='1' B='1' A='1' />
</Text>
</VisualStyle>
</VisualStyles>
</Control>
<Control Type='Button' Name='Image'>
<Position Units='Pixels' X='0' Y='0' />
<Size Units='Pixels' Width='310' Height='60' />
<VisualStyles>
<VisualStyle State='0' Mode='0'>
<Image Id='70' Alpha='1' />
</VisualStyle>
</VisualStyles>
</Control>
</Control>
</File>
