<?xml version='1.0' encoding='ISO-8859-1' ?>
<File Type='Page' Version='2.1.0'>
<Control Type='Subpage' Name='[SOVRUM] [AM-FM Tuner - AM-FM 1] NowPlaying'>
<Position Units='Pixels' X='0' Y='0' />
<Size Units='Pixels' Width='320' Height='375' />
<VisualStyles>
<VisualStyle>
<Background>
<Color  R='0' G='0' B='0' A='0' />
</Background>
</VisualStyle>
</VisualStyles>
<Control Type='Button' Name='Image'>
<Position Units='Pixels' X='0' Y='97' />
<Size Units='Pixels' Width='320' Height='228' />
<VisualStyles>
<VisualStyle State='0' Mode='0'>
<Image Id='41' Alpha='1' />
</VisualStyle>
</VisualStyles>
</Control>
<Control Type='Button' Name='Image'>
<Position Units='Pixels' X='0' Y='326' />
<Size Units='Pixels' Width='320' Height='48' />
<VisualStyles>
<VisualStyle State='0' Mode='0'>
<Image Id='12' Alpha='1' />
</VisualStyle>
</VisualStyles>
</Control>
<Control Type='Button' Name='Image'>
<Position Units='Pixels' X='0' Y='0' />
<Size Units='Pixels' Width='320' Height='98' />
<VisualStyles>
<VisualStyle State='0' Mode='0'>
<Image Id='53' Alpha='1' />
</VisualStyle>
</VisualStyles>
</Control>
<Control Type='Button' Name='Button'>
<Position Units='Pixels' X='220' Y='329' />
<Size Units='Pixels' Width='78' Height='40' />
<VisualStyles>
<VisualStyle State='0' Mode='0'>
<Face Type='2D'>
<Color  R='0' G='0' B='0.627451' A='0' />
</Face>
<Image Id='13' Alpha='1' />
</VisualStyle>
<VisualStyle State='1' Mode='0'>
<Face Type='2D'>
<Color  R='1' G='1' B='1' A='0' />
</Face>
<Image Id='14' Alpha='1' />
</VisualStyle>
</VisualStyles>
<Bindings>
<Binding Id='152' Type='Digital' Property='State'/>
</Bindings>
<Commands>
<Command Action='TouchDown' Id='152' Type='Digital' Value='True' />
<Command Action='TouchUp' Id='152' Type='Digital' Value='False' />
</Commands>
</Control>
<Control Type='Button' Name='Button'>
<Position Units='Pixels' X='121' Y='329' />
<Size Units='Pixels' Width='78' Height='40' />
<VisualStyles>
<VisualStyle State='0' Mode='0'>
<Face Type='2D'>
<Color  R='0' G='0' B='0.627451' A='0' />
</Face>
<Image Id='13' Alpha='1' />
<Text Id='77' FontId='3' Alignment='CenterCenter' Wrap='False'>
<Color  R='0' G='0' B='0' A='1' />
</Text>
</VisualStyle>
<VisualStyle State='1' Mode='0'>
<Face Type='2D'>
<Color  R='1' G='1' B='1' A='0' />
</Face>
<Image Id='14' Alpha='1' />
<Text Id='77' FontId='3' Alignment='CenterCenter' Wrap='False'>
<Color  R='1' G='1' B='1' A='1' />
</Text>
</VisualStyle>
</VisualStyles>
<Bindings>
<Binding Id='153' Type='Digital' Property='State'/>
</Bindings>
<Commands>
<Command Action='TouchDown' Id='153' Type='Digital' Value='True' />
<Command Action='TouchUp' Id='153' Type='Digital' Value='False' />
</Commands>
</Control>
<Control Type='Button' Name='Button'>
<Position Units='Pixels' X='22' Y='329' />
<Size Units='Pixels' Width='78' Height='40' />
<VisualStyles>
<VisualStyle State='0' Mode='0'>
<Face Type='2D'>
<Color  R='0' G='0' B='0.627451' A='0' />
</Face>
<Image Id='13' Alpha='1' />
<Text Id='78' FontId='3' Alignment='CenterCenter' Wrap='False'>
<Color  R='0' G='0' B='0' A='1' />
</Text>
</VisualStyle>
<VisualStyle State='1' Mode='0'>
<Face Type='2D'>
<Color  R='1' G='1' B='1' A='0' />
</Face>
<Image Id='14' Alpha='1' />
<Text Id='78' FontId='3' Alignment='CenterCenter' Wrap='False'>
<Color  R='1' G='1' B='1' A='1' />
</Text>
</VisualStyle>
</VisualStyles>
<Bindings>
<Binding Id='154' Type='Digital' Property='State'/>
</Bindings>
<Commands>
<Command Action='TouchDown' Id='154' Type='Digital' Value='True' />
<Command Action='TouchUp' Id='154' Type='Digital' Value='False' />
</Commands>
</Control>
<Control Type='Button' Name='Button'>
<Position Units='Pixels' X='106' Y='47' />
<Size Units='Pixels' Width='40' Height='40' />
<VisualStyles>
<VisualStyle State='0' Mode='0'>
<Face Type='2D'>
<Color  R='0.4' G='0.4' B='0.4' A='0' />
</Face>
<Image Id='54' Alpha='1' />
</VisualStyle>
<VisualStyle State='1' Mode='0'>
<Face Type='2D'>
<Color  R='1' G='0.501961' B='0' A='0' />
</Face>
<Image Id='55' Alpha='1' />
</VisualStyle>
</VisualStyles>
<Bindings>
<Binding Id='155' Type='Digital' Property='State'/>
</Bindings>
<Commands>
<Command Action='TouchDown' Id='155' Type='Digital' Value='True' />
<Command Action='TouchUp' Id='155' Type='Digital' Value='False' />
</Commands>
</Control>
<Control Type='Button' Name='Button'>
<Position Units='Pixels' X='174' Y='47' />
<Size Units='Pixels' Width='40' Height='40' />
<VisualStyles>
<VisualStyle State='0' Mode='0'>
<Face Type='2D'>
<Color  R='0.4' G='0.4' B='0.4' A='0' />
</Face>
<Image Id='56' Alpha='1' />
</VisualStyle>
<VisualStyle State='1' Mode='0'>
<Face Type='2D'>
<Color  R='1' G='0.501961' B='0' A='0' />
</Face>
<Image Id='57' Alpha='1' />
</VisualStyle>
</VisualStyles>
<Bindings>
<Binding Id='156' Type='Digital' Property='State'/>
</Bindings>
<Commands>
<Command Action='TouchDown' Id='156' Type='Digital' Value='True' />
<Command Action='TouchUp' Id='156' Type='Digital' Value='False' />
</Commands>
</Control>
<Control Type='Button' Name='Text'>
<Position Units='Pixels' X='137' Y='53' />
<Size Units='Pixels' Width='47' Height='25' />
<VisualStyles>
<VisualStyle State='0' Mode='0'>
<Text Id='93' FontId='5' Alignment='CenterCenter' Wrap='False'>
<Color  R='0.615686' G='0.772549' B='1' A='1' />
</Text>
</VisualStyle>
</VisualStyles>
</Control>
<Control Type='Button' Name='Text'>
<Position Units='Pixels' X='4' Y='269' />
<Size Units='Pixels' Width='309' Height='31' />
<VisualStyles>
<VisualStyle State='0' Mode='0'>
<Text FontId='3' Alignment='CenterLeft' Wrap='False'>
<Bindings>
<Binding Id='32' Type='Serial' Property='Text'/>
</Bindings>
<Color  R='1' G='1' B='1' A='1' />
</Text>
</VisualStyle>
</VisualStyles>
</Control>
<Control Type='Button' Name='Text'>
<Position Units='Pixels' X='4' Y='255' />
<Size Units='Pixels' Width='120' Height='24' />
<VisualStyles>
<VisualStyle State='0' Mode='0'>
<Text Id='95' FontId='5' Alignment='CenterLeft' Wrap='False'>
<Color  R='0' G='0' B='0' A='1' />
</Text>
</VisualStyle>
</VisualStyles>
</Control>
<Control Type='Button' Name='Text'>
<Position Units='Pixels' X='4' Y='254' />
<Size Units='Pixels' Width='102' Height='24' />
<VisualStyles>
<VisualStyle State='0' Mode='0'>
<Text Id='95' FontId='5' Alignment='CenterLeft' Wrap='False'>
<Color  R='0.615686' G='0.772549' B='1' A='1' />
</Text>
</VisualStyle>
</VisualStyles>
</Control>
<Control Type='Button' Name='Text'>
<Position Units='Pixels' X='4' Y='191' />
<Size Units='Pixels' Width='92' Height='24' />
<VisualStyles>
<VisualStyle State='0' Mode='0'>
<Text Id='96' FontId='5' Alignment='CenterLeft' Wrap='False'>
<Color  R='0' G='0' B='0' A='1' />
</Text>
</VisualStyle>
</VisualStyles>
</Control>
<Control Type='Button' Name='Text'>
<Position Units='Pixels' X='4' Y='190' />
<Size Units='Pixels' Width='92' Height='24' />
<VisualStyles>
<VisualStyle State='0' Mode='0'>
<Text Id='96' FontId='5' Alignment='CenterLeft' Wrap='False'>
<Color  R='0.615686' G='0.772549' B='1' A='1' />
</Text>
</VisualStyle>
</VisualStyles>
</Control>
<Control Type='Button' Name='Text'>
<Position Units='Pixels' X='4' Y='205' />
<Size Units='Pixels' Width='309' Height='31' />
<VisualStyles>
<VisualStyle State='0' Mode='0'>
<Text FontId='1' Alignment='CenterLeft' Wrap='True'>
<Bindings>
<Binding Id='33' Type='Serial' Property='Text'/>
</Bindings>
<Color  R='1' G='1' B='1' A='1' />
</Text>
</VisualStyle>
</VisualStyles>
</Control>
<Control Type='Button' Name='Text'>
<Position Units='Pixels' X='4' Y='128' />
<Size Units='Pixels' Width='92' Height='24' />
<VisualStyles>
<VisualStyle State='0' Mode='0'>
<Text Id='97' FontId='5' Alignment='CenterLeft' Wrap='False'>
<Color  R='0' G='0' B='0' A='1' />
</Text>
</VisualStyle>
</VisualStyles>
</Control>
<Control Type='Button' Name='Text'>
<Position Units='Pixels' X='4' Y='127' />
<Size Units='Pixels' Width='74' Height='24' />
<VisualStyles>
<VisualStyle State='0' Mode='0'>
<Text Id='97' FontId='5' Alignment='CenterLeft' Wrap='False'>
<Color  R='0.615686' G='0.772549' B='1' A='1' />
</Text>
</VisualStyle>
</VisualStyles>
</Control>
<Control Type='Button' Name='Text'>
<Position Units='Pixels' X='4' Y='142' />
<Size Units='Pixels' Width='309' Height='31' />
<VisualStyles>
<VisualStyle State='0' Mode='0'>
<Text FontId='1' Alignment='CenterLeft' Wrap='True'>
<Bindings>
<Binding Id='34' Type='Serial' Property='Text'/>
</Bindings>
<Color  R='1' G='1' B='1' A='1' />
</Text>
</VisualStyle>
</VisualStyles>
</Control>
<Control Type='Button' Name='Text'>
<Position Units='Pixels' X='220' Y='329' />
<Size Units='Pixels' Width='78' Height='40' />
<VisualStyles>
<VisualStyle State='0' Mode='0'>
<Text Id='94' FontId='3' Alignment='CenterCenter' Wrap='False'>
<Color  R='0' G='0' B='0' A='1' />
</Text>
</VisualStyle>
</VisualStyles>
</Control>
<Control Type='Button' Name='Button'>
<Position Units='Pixels' X='8' Y='50' />
<Size Units='Pixels' Width='90' Height='34' />
<VisualStyles>
<VisualStyle State='0' Mode='0'>
<Face Type='2D'>
<Color  R='1' G='1' B='1' A='0' />
</Face>
<Image Id='31' Alpha='1' />
<Text Id='81' FontId='8' Alignment='CenterCenter' Wrap='False'>
<Color  R='0' G='0' B='0' A='1' />
</Text>
</VisualStyle>
<VisualStyle State='1' Mode='0'>
<Face Type='2D'>
<Color  R='1' G='1' B='1' A='0' />
</Face>
<Image Id='32' Alpha='1' />
<Text Id='81' FontId='8' Alignment='CenterCenter' Wrap='False'>
<Color  R='0' G='0' B='0' A='1' />
</Text>
</VisualStyle>
</VisualStyles>
<Bindings>
<Binding Id='157' Type='Digital' Property='State'/>
</Bindings>
<Commands>
<Command Action='TouchDown' Id='157' Type='Digital' Value='True' />
<Command Action='TouchUp' Id='157' Type='Digital' Value='False' />
</Commands>
</Control>
<Control Type='Button' Name='Button'>
<Position Units='Pixels' X='225' Y='50' />
<Size Units='Pixels' Width='90' Height='34' />
<VisualStyles>
<VisualStyle State='0' Mode='0'>
<Face Type='2D'>
<Color  R='1' G='1' B='1' A='0' />
</Face>
<Image Id='31' Alpha='1' />
<Text Id='64' FontId='8' Alignment='CenterCenter' Wrap='False'>
<Color  R='0' G='0' B='0' A='1' />
</Text>
</VisualStyle>
<VisualStyle State='1' Mode='0'>
<Face Type='2D'>
<Color  R='1' G='1' B='1' A='0' />
</Face>
<Image Id='32' Alpha='1' />
<Text Id='64' FontId='8' Alignment='CenterCenter' Wrap='False'>
<Color  R='0' G='0' B='0' A='1' />
</Text>
</VisualStyle>
</VisualStyles>
<Bindings>
<Binding Id='158' Type='Digital' Property='State'/>
</Bindings>
<Commands>
<Command Action='TouchDown' Id='158' Type='Digital' Value='True' />
<Command Action='TouchUp' Id='158' Type='Digital' Value='False' />
</Commands>
</Control>
<Control Type='Button' Name='Border'>
<Position Units='Pixels' X='169' Y='6' />
<Size Units='Pixels' Width='83' Height='45' />
<VisualStyles>
<VisualStyle State='0' Mode='0'>
<Face Type='2D'>
<Color  R='0' G='0' B='0' A='0' />
</Face>
<Text FontId='7' Alignment='CenterLeft' Wrap='False'>
<Bindings>
<Binding Id='31' Type='Serial' Property='Text'/>
</Bindings>
<Color  R='1' G='1' B='1' A='1' />
</Text>
</VisualStyle>
</VisualStyles>
</Control>
<Control Type='Button' Name='Border'>
<Position Units='Pixels' X='5' Y='6' />
<Size Units='Pixels' Width='160' Height='45' />
<VisualStyles>
<VisualStyle State='0' Mode='0'>
<Face Type='2D'>
<Color  R='0' G='0' B='0' A='0' />
</Face>
<Text FontId='7' Alignment='CenterRight' Wrap='False'>
<Bindings>
<Binding Id='30' Type='Serial' Property='Text'/>
</Bindings>
<Color  R='1' G='1' B='1' A='1' />
</Text>
</VisualStyle>
</VisualStyles>
</Control>
</Control>
</File>
