<?xml version='1.0' encoding='ISO-8859-1' ?>
<File Type='Page' Version='2.1.0'>
<Control Type='Subpage' Name='[VARDAGSRUM] [Audio Zone] Current Room'>
<Position Units='Pixels' X='0' Y='0' />
<Size Units='Pixels' Width='160' Height='36' />
<VisualStyles>
<VisualStyle>
<Background>
<Color  R='1' G='1' B='1' A='0' />
</Background>
</VisualStyle>
</VisualStyles>
<Control Type='Button' Name='Image'>
<Position Units='Pixels' X='0' Y='1' />
<Size Units='Pixels' Width='160' Height='34' />
<VisualStyles>
<VisualStyle State='0' Mode='0'>
<Image Id='9' Alpha='1' />
</VisualStyle>
</VisualStyles>
</Control>
<Control Type='Button' Name='Text'>
<Position Units='Pixels' X='7' Y='6' />
<Size Units='Pixels' Width='146' Height='25' />
<VisualStyles>
<VisualStyle State='0' Mode='0'>
<Text FontId='2' Alignment='CenterCenter' Wrap='False'>
<Bindings>
<Binding Id='13' Type='Serial' Property='Text'/>
</Bindings>
<Color  R='0.933333' G='0.933333' B='0.933333' A='1' />
</Text>
</VisualStyle>
</VisualStyles>
</Control>
</Control>
</File>
