<?xml version='1.0' encoding='ISO-8859-1' ?>
<File Type='Page' Version='2.1.0'>
<Control Type='Page' Name='[VARDAGSRUM] [Audio Zone] Home' Transition='0' TransitionDuration='0.01'>
<Position Units='Pixels' X='0' Y='0' />
<Size Units='Pixels' Width='320' Height='460' />
<VisualStyles>
<VisualStyle>
<Background>
<Color  R='0' G='0' B='0' A='1' />
</Background>
<Image Id='1' />
</VisualStyle>
</VisualStyles>
<Bindings>
<Binding Id='9' Property='PageFlip'/>
</Bindings>
<Commands>
<Command Action='PageJoin' Id='9' Type='Digital' />
</Commands>
<Control Type='Button' Name='Button'>
<Position Units='Pixels' X='0' Y='297' />
<Size Units='Pixels' Width='320' Height='70' />
<VisualStyles>
<VisualStyle State='0' Mode='0'>
<Face Type='2D'>
<Color  R='0' G='0' B='0.835294' A='0' />
</Face>
<Image Id='2' Alpha='1' />
<Text Id='1' FontId='1' Alignment='CenterLeft' Wrap='False'>
<Color  R='1' G='1' B='1' A='1' />
</Text>
</VisualStyle>
<VisualStyle State='1' Mode='0'>
<Face Type='2D'>
<Color  R='0.00392157' G='0.54902' B='0.996078' A='0' />
</Face>
<Image Id='3' Alpha='1' />
<Text Id='1' FontId='1' Alignment='CenterLeft' Wrap='False'>
<Color  R='1' G='1' B='1' A='1' />
</Text>
</VisualStyle>
</VisualStyles>
<Commands>
<Command Action='TouchDown' PageFlip='[Adagio] Other' Transition='0' TransitionDuration='-1' />
</Commands>
</Control>
<Control Type='Button' Name='Button'>
<Position Units='Pixels' X='0' Y='229' />
<Size Units='Pixels' Width='320' Height='70' />
<VisualStyles>
<VisualStyle State='0' Mode='0'>
<Face Type='2D'>
<Color  R='0' G='0' B='0.835294' A='0' />
</Face>
<Image Id='2' Alpha='1' />
<Text Id='2' FontId='1' Alignment='CenterLeft' Wrap='False'>
<Color  R='1' G='1' B='1' A='1' />
</Text>
</VisualStyle>
<VisualStyle State='1' Mode='0'>
<Face Type='2D'>
<Color  R='0.00392157' G='0.54902' B='0.996078' A='0' />
</Face>
<Image Id='3' Alpha='1' />
<Text Id='2' FontId='1' Alignment='CenterLeft' Wrap='False'>
<Color  R='1' G='1' B='1' A='1' />
</Text>
</VisualStyle>
</VisualStyles>
<Commands>
<Command Action='TouchDown' PageFlip='[Adagio] Climate' Transition='0' TransitionDuration='-1' />
</Commands>
</Control>
<Control Type='Button' Name='Button'>
<Position Units='Pixels' X='0' Y='161' />
<Size Units='Pixels' Width='320' Height='70' />
<VisualStyles>
<VisualStyle State='0' Mode='0'>
<Face Type='2D'>
<Color  R='0' G='0' B='0.835294' A='0' />
</Face>
<Image Id='2' Alpha='1' />
<Text Id='3' FontId='1' Alignment='CenterLeft' Wrap='False'>
<Color  R='1' G='1' B='1' A='1' />
</Text>
</VisualStyle>
<VisualStyle State='1' Mode='0'>
<Face Type='2D'>
<Color  R='0.00392157' G='0.54902' B='0.996078' A='0' />
</Face>
<Image Id='3' Alpha='1' />
<Text Id='3' FontId='1' Alignment='CenterLeft' Wrap='False'>
<Color  R='1' G='1' B='1' A='1' />
</Text>
</VisualStyle>
</VisualStyles>
<Commands>
<Command Action='TouchDown' PageFlip='[Shared] Lights' Transition='0' TransitionDuration='-1' />
</Commands>
</Control>
<Control Type='Button' Name='Button'>
<Position Units='Pixels' X='0' Y='93' />
<Size Units='Pixels' Width='320' Height='70' />
<VisualStyles>
<VisualStyle State='0' Mode='0'>
<Face Type='2D'>
<Color  R='0' G='0' B='0.835294' A='0' />
</Face>
<Image Id='2' Alpha='1' />
<Text Id='4' FontId='1' Alignment='CenterLeft' Wrap='False'>
<Color  R='1' G='1' B='1' A='1' />
</Text>
</VisualStyle>
<VisualStyle State='1' Mode='0'>
<Face Type='2D'>
<Color  R='0.00392157' G='0.54902' B='0.996078' A='0' />
</Face>
<Image Id='3' Alpha='1' />
<Text Id='4' FontId='1' Alignment='CenterLeft' Wrap='False'>
<Color  R='1' G='1' B='1' A='1' />
</Text>
</VisualStyle>
</VisualStyles>
<Bindings>
<Binding Id='23' Type='Digital' Property='State'/>
</Bindings>
<Commands>
<Command Action='TouchDown' Id='23' Type='Digital' Value='True' />
<Command Action='TouchUp' Id='23' Type='Digital' Value='False' />
</Commands>
</Control>
<Control Type='Button' Name='Image'>
<Position Units='Pixels' X='0' Y='0' />
<Size Units='Pixels' Width='320' Height='46' />
<VisualStyles>
<VisualStyle State='0' Mode='0'>
<Image Id='4' Alpha='1' />
</VisualStyle>
</VisualStyles>
</Control>
<Control Type='Button' Name='Image'>
<Position Units='Pixels' X='0' Y='414' />
<Size Units='Pixels' Width='320' Height='46' />
<VisualStyles>
<VisualStyle State='0' Mode='0'>
<Image Id='4' Alpha='1' />
</VisualStyle>
</VisualStyles>
</Control>
<Control Type='Button' Name='Image'>
<Position Units='Pixels' X='8' Y='93' />
<Size Units='Pixels' Width='64' Height='64' />
<VisualStyles>
<VisualStyle State='0' Mode='0'>
<Image Id='5' Alpha='1' />
</VisualStyle>
</VisualStyles>
</Control>
<Control Type='Button' Name='Image'>
<Position Units='Pixels' X='8' Y='161' />
<Size Units='Pixels' Width='64' Height='64' />
<VisualStyles>
<VisualStyle State='0' Mode='0'>
<Image Id='6' Alpha='1' />
</VisualStyle>
</VisualStyles>
</Control>
<Control Type='Button' Name='Image'>
<Position Units='Pixels' X='8' Y='229' />
<Size Units='Pixels' Width='64' Height='64' />
<VisualStyles>
<VisualStyle State='0' Mode='0'>
<Image Id='7' Alpha='1' />
</VisualStyle>
</VisualStyles>
</Control>
<Control Type='Button' Name='Image'>
<Position Units='Pixels' X='8' Y='299' />
<Size Units='Pixels' Width='64' Height='64' />
<VisualStyles>
<VisualStyle State='0' Mode='0'>
<Image Id='8' Alpha='1' />
</VisualStyle>
</VisualStyles>
</Control>
<Control Type='Button' Name='Image'>
<Position Units='Pixels' X='80' Y='5' />
<Size Units='Pixels' Width='160' Height='34' />
<VisualStyles>
<VisualStyle State='0' Mode='0'>
<Image Id='9' Alpha='1' />
</VisualStyle>
</VisualStyles>
</Control>
<Control Type='Button' Name='Text'>
<Position Units='Pixels' X='87' Y='10' />
<Size Units='Pixels' Width='146' Height='25' />
<VisualStyles>
<VisualStyle State='0' Mode='0'>
<Text Id='5' FontId='2' Alignment='CenterCenter' Wrap='False'>
<Color  R='0.933333' G='0.933333' B='0.933333' A='1' />
</Text>
</VisualStyle>
</VisualStyles>
</Control>
<Control Type='Subpage' Name='Subref' Reference='[VARDAGSRUM] [Audio Zone] Volume'>
<Position Units='Pixels' X='68' Y='414' />
<Size Units='Pixels' Width='184' Height='46' />
</Control>
<Control Type='Subpage' Name='Subref' Reference='[VARDAGSRUM] [Audio Zone] Sleep'>
<Position Units='Pixels' X='0' Y='45' />
<Size Units='Pixels' Width='320' Height='370' />
<Bindings>
<Binding Id='20' Type='Digital' Property='Visible'/>
</Bindings>
</Control>
<Control Type='Subpage' Name='Subref' Reference='[VARDAGSRUM] [Audio Zone] Power'>
<Position Units='Pixels' X='262' Y='414' />
<Size Units='Pixels' Width='44' Height='44' />
</Control>
<Control Type='Subpage' Name='Subref' Reference='[VARDAGSRUM] [Audio Zone] Interrupt'>
<Position Units='Pixels' X='10' Y='163' />
<Size Units='Pixels' Width='300' Height='135' />
<Bindings>
<Binding Id='19' Type='Digital' Property='Visible'/>
</Bindings>
</Control>
<Control Type='Subpage' Name='Subref' Reference='[VARDAGSRUM] [Audio Zone] Crestron Logo'>
<Position Units='Pixels' X='242' Y='0' />
<Size Units='Pixels' Width='78' Height='46' />
</Control>
</Control>
</File>
