<?xml version='1.0' encoding='ISO-8859-1' ?>
<File Type='Page' Version='2.1.0'>
<Control Type='Page' Name='[VARDAGSRUM] [Audio Zone] Room Select' Transition='0' TransitionDuration='0.01'>
<Position Units='Pixels' X='0' Y='0' />
<Size Units='Pixels' Width='320' Height='460' />
<VisualStyles>
<VisualStyle>
<Background>
<Color  R='0' G='0' B='0' A='1' />
</Background>
<Image Id='1' />
</VisualStyle>
</VisualStyles>
<Bindings>
<Binding Id='12' Property='PageFlip'/>
</Bindings>
<Commands>
<Command Action='PageJoin' Id='12' Type='Digital' />
</Commands>
<Control Type='Button' Name='Image'>
<Position Units='Pixels' X='0' Y='0' />
<Size Units='Pixels' Width='320' Height='46' />
<VisualStyles>
<VisualStyle State='0' Mode='0'>
<Image Id='4' Alpha='1' />
</VisualStyle>
</VisualStyles>
</Control>
<Control Type='Button' Name='Image'>
<Position Units='Pixels' X='0' Y='41' />
<Size Units='Pixels' Width='320' Height='40' />
<VisualStyles>
<VisualStyle State='0' Mode='0'>
<Image Id='20' Alpha='1' />
</VisualStyle>
</VisualStyles>
</Control>
<Control Type='Button' Name='Image'>
<Position Units='Pixels' X='0' Y='310' />
<Size Units='Pixels' Width='320' Height='58' />
<VisualStyles>
<VisualStyle State='0' Mode='0'>
<Image Id='21' Alpha='1' />
</VisualStyle>
</VisualStyles>
</Control>
<Control Type='Button' Name='Button'>
<Position Units='Pixels' X='0' Y='252' />
<Size Units='Pixels' Width='320' Height='58' />
<VisualStyles>
<VisualStyle State='0' Mode='0'>
<Face Type='2D'>
<Color  R='0' G='0' B='0.835294' A='0' />
</Face>
<Image Id='2' Alpha='1' />
<Text FontId='1' Alignment='CenterLeft' Wrap='False'>
<Bindings>
<Binding Id='16' Type='Serial' Property='Text'/>
</Bindings>
<Color  R='1' G='1' B='1' A='1' />
</Text>
</VisualStyle>
<VisualStyle State='1' Mode='0'>
<Face Type='2D'>
<Color  R='0.00392157' G='0.54902' B='0.996078' A='0' />
</Face>
<Image Id='3' Alpha='1' />
<Text FontId='1' Alignment='CenterLeft' Wrap='False'>
<Bindings>
<Binding Id='16' Type='Serial' Property='Text'/>
</Bindings>
<Color  R='1' G='1' B='1' A='1' />
</Text>
</VisualStyle>
</VisualStyles>
<Bindings>
<Binding Id='27' Type='Digital' Property='State'/>
</Bindings>
<Commands>
<Command Action='TouchDown' Id='27' Type='Digital' Value='True' />
<Command Action='TouchUp' Id='27' Type='Digital' Value='False' />
</Commands>
</Control>
<Control Type='Button' Name='Button'>
<Position Units='Pixels' X='0' Y='195' />
<Size Units='Pixels' Width='320' Height='58' />
<VisualStyles>
<VisualStyle State='0' Mode='0'>
<Face Type='2D'>
<Color  R='0' G='0' B='0.835294' A='0' />
</Face>
<Image Id='2' Alpha='1' />
<Text FontId='1' Alignment='CenterLeft' Wrap='False'>
<Bindings>
<Binding Id='17' Type='Serial' Property='Text'/>
</Bindings>
<Color  R='1' G='1' B='1' A='1' />
</Text>
</VisualStyle>
<VisualStyle State='1' Mode='0'>
<Face Type='2D'>
<Color  R='0.00392157' G='0.54902' B='0.996078' A='0' />
</Face>
<Image Id='3' Alpha='1' />
<Text FontId='1' Alignment='CenterLeft' Wrap='False'>
<Bindings>
<Binding Id='17' Type='Serial' Property='Text'/>
</Bindings>
<Color  R='1' G='1' B='1' A='1' />
</Text>
</VisualStyle>
</VisualStyles>
<Bindings>
<Binding Id='28' Type='Digital' Property='State'/>
</Bindings>
<Commands>
<Command Action='TouchDown' Id='28' Type='Digital' Value='True' />
<Command Action='TouchUp' Id='28' Type='Digital' Value='False' />
</Commands>
</Control>
<Control Type='Button' Name='Button'>
<Position Units='Pixels' X='0' Y='138' />
<Size Units='Pixels' Width='320' Height='58' />
<VisualStyles>
<VisualStyle State='0' Mode='0'>
<Face Type='2D'>
<Color  R='0' G='0' B='0.835294' A='0' />
</Face>
<Image Id='2' Alpha='1' />
<Text FontId='1' Alignment='CenterLeft' Wrap='False'>
<Bindings>
<Binding Id='18' Type='Serial' Property='Text'/>
</Bindings>
<Color  R='1' G='1' B='1' A='1' />
</Text>
</VisualStyle>
<VisualStyle State='1' Mode='0'>
<Face Type='2D'>
<Color  R='0.00392157' G='0.54902' B='0.996078' A='0' />
</Face>
<Image Id='3' Alpha='1' />
<Text FontId='1' Alignment='CenterLeft' Wrap='False'>
<Bindings>
<Binding Id='18' Type='Serial' Property='Text'/>
</Bindings>
<Color  R='1' G='1' B='1' A='1' />
</Text>
</VisualStyle>
</VisualStyles>
<Bindings>
<Binding Id='29' Type='Digital' Property='State'/>
</Bindings>
<Commands>
<Command Action='TouchDown' Id='29' Type='Digital' Value='True' />
<Command Action='TouchUp' Id='29' Type='Digital' Value='False' />
</Commands>
</Control>
<Control Type='Button' Name='Button'>
<Position Units='Pixels' X='0' Y='81' />
<Size Units='Pixels' Width='320' Height='58' />
<VisualStyles>
<VisualStyle State='0' Mode='0'>
<Face Type='2D'>
<Color  R='0' G='0' B='0.835294' A='0' />
</Face>
<Image Id='2' Alpha='1' />
<Text FontId='1' Alignment='CenterLeft' Wrap='False'>
<Bindings>
<Binding Id='19' Type='Serial' Property='Text'/>
</Bindings>
<Color  R='1' G='1' B='1' A='1' />
</Text>
</VisualStyle>
<VisualStyle State='1' Mode='0'>
<Face Type='2D'>
<Color  R='0.00392157' G='0.54902' B='0.996078' A='0' />
</Face>
<Image Id='3' Alpha='1' />
<Text FontId='1' Alignment='CenterLeft' Wrap='False'>
<Bindings>
<Binding Id='19' Type='Serial' Property='Text'/>
</Bindings>
<Color  R='1' G='1' B='1' A='1' />
</Text>
</VisualStyle>
</VisualStyles>
<Bindings>
<Binding Id='30' Type='Digital' Property='State'/>
</Bindings>
<Commands>
<Command Action='TouchDown' Id='30' Type='Digital' Value='True' />
<Command Action='TouchUp' Id='30' Type='Digital' Value='False' />
</Commands>
</Control>
<Control Type='Button' Name='Text'>
<Position Units='Pixels' X='128' Y='82' />
<Size Units='Pixels' Width='192' Height='25' />
<VisualStyles>
<VisualStyle State='0' Mode='0'>
<Text FontId='1' Alignment='CenterRight' Wrap='False'>
<Bindings>
<Binding Id='20' Type='Serial' Property='Text'/>
</Bindings>
<Color  R='1' G='1' B='1' A='1' />
</Text>
</VisualStyle>
</VisualStyles>
</Control>
<Control Type='Button' Name='Text'>
<Position Units='Pixels' X='128' Y='113' />
<Size Units='Pixels' Width='192' Height='25' />
<VisualStyles>
<VisualStyle State='0' Mode='0'>
<Text FontId='1' Alignment='CenterRight' Wrap='False'>
<Bindings>
<Binding Id='21' Type='Serial' Property='Text'/>
</Bindings>
<Color  R='1' G='1' B='1' A='1' />
</Text>
</VisualStyle>
</VisualStyles>
</Control>
<Control Type='Button' Name='Image'>
<Position Units='Pixels' X='0' Y='368' />
<Size Units='Pixels' Width='320' Height='48' />
<VisualStyles>
<VisualStyle State='0' Mode='0'>
<Image Id='12' Alpha='1' />
</VisualStyle>
</VisualStyles>
</Control>
<Control Type='Button' Name='Text'>
<Position Units='Pixels' X='128' Y='139' />
<Size Units='Pixels' Width='192' Height='25' />
<VisualStyles>
<VisualStyle State='0' Mode='0'>
<Text FontId='1' Alignment='CenterRight' Wrap='False'>
<Bindings>
<Binding Id='22' Type='Serial' Property='Text'/>
</Bindings>
<Color  R='1' G='1' B='1' A='1' />
</Text>
</VisualStyle>
</VisualStyles>
</Control>
<Control Type='Button' Name='Text'>
<Position Units='Pixels' X='128' Y='170' />
<Size Units='Pixels' Width='192' Height='25' />
<VisualStyles>
<VisualStyle State='0' Mode='0'>
<Text FontId='1' Alignment='CenterRight' Wrap='False'>
<Bindings>
<Binding Id='23' Type='Serial' Property='Text'/>
</Bindings>
<Color  R='1' G='1' B='1' A='1' />
</Text>
</VisualStyle>
</VisualStyles>
</Control>
<Control Type='Button' Name='Text'>
<Position Units='Pixels' X='128' Y='196' />
<Size Units='Pixels' Width='192' Height='25' />
<VisualStyles>
<VisualStyle State='0' Mode='0'>
<Text FontId='1' Alignment='CenterRight' Wrap='False'>
<Bindings>
<Binding Id='24' Type='Serial' Property='Text'/>
</Bindings>
<Color  R='1' G='1' B='1' A='1' />
</Text>
</VisualStyle>
</VisualStyles>
</Control>
<Control Type='Button' Name='Text'>
<Position Units='Pixels' X='128' Y='227' />
<Size Units='Pixels' Width='192' Height='25' />
<VisualStyles>
<VisualStyle State='0' Mode='0'>
<Text FontId='1' Alignment='CenterRight' Wrap='False'>
<Bindings>
<Binding Id='25' Type='Serial' Property='Text'/>
</Bindings>
<Color  R='1' G='1' B='1' A='1' />
</Text>
</VisualStyle>
</VisualStyles>
</Control>
<Control Type='Button' Name='Text'>
<Position Units='Pixels' X='128' Y='254' />
<Size Units='Pixels' Width='192' Height='25' />
<VisualStyles>
<VisualStyle State='0' Mode='0'>
<Text FontId='1' Alignment='CenterRight' Wrap='False'>
<Bindings>
<Binding Id='26' Type='Serial' Property='Text'/>
</Bindings>
<Color  R='1' G='1' B='1' A='1' />
</Text>
</VisualStyle>
</VisualStyles>
</Control>
<Control Type='Button' Name='Text'>
<Position Units='Pixels' X='128' Y='285' />
<Size Units='Pixels' Width='192' Height='25' />
<VisualStyles>
<VisualStyle State='0' Mode='0'>
<Text FontId='1' Alignment='CenterRight' Wrap='False'>
<Bindings>
<Binding Id='27' Type='Serial' Property='Text'/>
</Bindings>
<Color  R='1' G='1' B='1' A='1' />
</Text>
</VisualStyle>
</VisualStyles>
</Control>
<Control Type='Button' Name='Button'>
<Position Units='Pixels' X='88' Y='306' />
<Size Units='Pixels' Width='64' Height='64' />
<VisualStyles>
<VisualStyle State='0' Mode='0'>
<Face Type='2D'>
<Color  R='0.4' G='0.4' B='0.4' A='0' />
</Face>
<Image Id='22' Alpha='1' />
</VisualStyle>
<VisualStyle State='1' Mode='0'>
<Face Type='2D'>
<Color  R='1' G='0.501961' B='0' A='0' />
</Face>
<Image Id='23' Alpha='1' />
</VisualStyle>
</VisualStyles>
<Bindings>
<Binding Id='31' Type='Digital' Property='State'/>
</Bindings>
<Commands>
<Command Action='TouchDown' Id='31' Type='Digital' Value='True' />
<Command Action='TouchUp' Id='31' Type='Digital' Value='False' />
</Commands>
</Control>
<Control Type='Button' Name='Text'>
<Position Units='Pixels' X='4' Y='44' />
<Size Units='Pixels' Width='169' Height='31' />
<VisualStyles>
<VisualStyle State='0' Mode='0'>
<Text Id='25' FontId='5' Alignment='CenterLeft' Wrap='False'>
<Color  R='0.8' G='0.878431' B='1' A='1' />
</Text>
</VisualStyle>
</VisualStyles>
</Control>
<Control Type='Button' Name='Button'>
<Position Units='Pixels' X='168' Y='306' />
<Size Units='Pixels' Width='64' Height='64' />
<VisualStyles>
<VisualStyle State='0' Mode='0'>
<Face Type='2D'>
<Color  R='0.4' G='0.4' B='0.4' A='0' />
</Face>
<Image Id='24' Alpha='1' />
</VisualStyle>
<VisualStyle State='1' Mode='0'>
<Face Type='2D'>
<Color  R='1' G='0.501961' B='0' A='0' />
</Face>
<Image Id='25' Alpha='1' />
</VisualStyle>
</VisualStyles>
<Bindings>
<Binding Id='32' Type='Digital' Property='State'/>
</Bindings>
<Commands>
<Command Action='TouchDown' Id='32' Type='Digital' Value='True' />
<Command Action='TouchUp' Id='32' Type='Digital' Value='False' />
</Commands>
</Control>
<Control Type='Button' Name='Image'>
<Position Units='Pixels' X='0' Y='414' />
<Size Units='Pixels' Width='320' Height='46' />
<VisualStyles>
<VisualStyle State='0' Mode='0'>
<Image Id='4' Alpha='1' />
</VisualStyle>
</VisualStyles>
</Control>
<Control Type='Subpage' Name='Subref' Reference='[VARDAGSRUM] [Audio Zone] Advanced Access'>
<Position Units='Pixels' X='121' Y='370' />
<Size Units='Pixels' Width='78' Height='40' />
</Control>
<Control Type='Subpage' Name='Subref' Reference='[VARDAGSRUM] [Audio Zone] Volume'>
<Position Units='Pixels' X='68' Y='414' />
<Size Units='Pixels' Width='184' Height='46' />
</Control>
<Control Type='Subpage' Name='Subref' Reference='[VARDAGSRUM] [Audio Zone] Current Room'>
<Position Units='Pixels' X='80' Y='4' />
<Size Units='Pixels' Width='160' Height='36' />
</Control>
<Control Type='Subpage' Name='Subref' Reference='[VARDAGSRUM] [Audio Zone] Interrupt'>
<Position Units='Pixels' X='10' Y='163' />
<Size Units='Pixels' Width='300' Height='135' />
<Bindings>
<Binding Id='19' Type='Digital' Property='Visible'/>
</Bindings>
</Control>
<Control Type='Subpage' Name='Subref' Reference='[VARDAGSRUM] [Audio Zone] Power'>
<Position Units='Pixels' X='262' Y='414' />
<Size Units='Pixels' Width='44' Height='44' />
</Control>
<Control Type='Subpage' Name='Subref' Reference='[VARDAGSRUM] [Audio Zone] Sleep'>
<Position Units='Pixels' X='0' Y='45' />
<Size Units='Pixels' Width='320' Height='370' />
<Bindings>
<Binding Id='20' Type='Digital' Property='Visible'/>
</Bindings>
</Control>
<Control Type='Subpage' Name='Subref' Reference='[VARDAGSRUM] [Audio Zone] Home Button'>
<Position Units='Pixels' X='14' Y='414' />
<Size Units='Pixels' Width='44' Height='44' />
</Control>
<Control Type='Subpage' Name='Subref' Reference='[VARDAGSRUM] [Audio Zone] Crestron Logo'>
<Position Units='Pixels' X='242' Y='0' />
<Size Units='Pixels' Width='78' Height='46' />
</Control>
<Control Type='Subpage' Name='Subref' Reference='[VARDAGSRUM] [Audio Zone] Back Button'>
<Position Units='Pixels' X='0' Y='0' />
<Size Units='Pixels' Width='78' Height='46' />
</Control>
</Control>
</File>
