<?xml version='1.0' encoding='ISO-8859-1' ?>
<File Type='Page' Version='2.1.0'>
<Control Type='Subpage' Name='[VARDAGSRUM] [Audio Zone] Volume'>
<Position Units='Pixels' X='0' Y='0' />
<Size Units='Pixels' Width='184' Height='46' />
<VisualStyles>
<VisualStyle>
<Background>
<Color  R='1' G='1' B='1' A='0' />
</Background>
</VisualStyle>
</VisualStyles>
<Control Type='Button' Name='Button'>
<Position Units='Pixels' X='123' Y='7' />
<Size Units='Pixels' Width='58' Height='32' />
<VisualStyles>
<VisualStyle State='0' Mode='0'>
<Face Type='2D'>
<Color  R='1' G='1' B='1' A='0' />
</Face>
<Image Id='33' Alpha='1' />
<Text Id='30' FontId='3' Alignment='CenterCenter' Wrap='False'>
<Color  R='0.933333' G='0.933333' B='0.933333' A='1' />
</Text>
</VisualStyle>
<VisualStyle State='1' Mode='0'>
<Face Type='2D'>
<Color  R='1' G='1' B='1' A='0' />
</Face>
<Image Id='34' Alpha='1' />
<Text Id='30' FontId='3' Alignment='CenterCenter' Wrap='False'>
<Color  R='0' G='0' B='0' A='1' />
</Text>
</VisualStyle>
</VisualStyles>
<Bindings>
<Binding Id='36' Type='Digital' Property='State'/>
</Bindings>
<Commands>
<Command Action='TouchDown' Id='36' Type='Digital' Value='True' />
<Command Action='TouchUp' Id='36' Type='Digital' Value='False' />
</Commands>
</Control>
<Control Type='Button' Name='Button'>
<Position Units='Pixels' X='63' Y='7' />
<Size Units='Pixels' Width='58' Height='32' />
<VisualStyles>
<VisualStyle State='0' Mode='0'>
<Face Type='2D'>
<Color  R='1' G='1' B='1' A='0' />
</Face>
<Image Id='33' Alpha='1' />
<Text Id='31' FontId='3' Alignment='CenterCenter' Wrap='False'>
<Color  R='0.933333' G='0.933333' B='0.933333' A='1' />
</Text>
</VisualStyle>
<VisualStyle State='1' Mode='0'>
<Face Type='2D'>
<Color  R='1' G='1' B='1' A='0' />
</Face>
<Image Id='34' Alpha='1' />
<Text Id='31' FontId='3' Alignment='CenterCenter' Wrap='False'>
<Color  R='0' G='0' B='0' A='1' />
</Text>
</VisualStyle>
</VisualStyles>
<Bindings>
<Binding Id='37' Type='Digital' Property='State'/>
</Bindings>
<Commands>
<Command Action='TouchDown' Id='37' Type='Digital' Value='True' />
<Command Action='TouchUp' Id='37' Type='Digital' Value='False' />
</Commands>
</Control>
<Control Type='Button' Name='Button'>
<Position Units='Pixels' X='3' Y='7' />
<Size Units='Pixels' Width='58' Height='32' />
<VisualStyles>
<VisualStyle State='0' Mode='0'>
<Face Type='2D'>
<Color  R='1' G='1' B='1' A='0' />
</Face>
<Image Id='33' Alpha='1' />
<Text Id='32' FontId='3' Alignment='CenterCenter' Wrap='False'>
<Color  R='0.933333' G='0.933333' B='0.933333' A='1' />
</Text>
</VisualStyle>
<VisualStyle State='1' Mode='0'>
<Face Type='2D'>
<Color  R='1' G='1' B='1' A='0' />
</Face>
<Image Id='34' Alpha='1' />
<Text Id='32' FontId='3' Alignment='CenterCenter' Wrap='False'>
<Color  R='0' G='0' B='0' A='1' />
</Text>
</VisualStyle>
</VisualStyles>
<Bindings>
<Binding Id='38' Type='Digital' Property='State'/>
</Bindings>
<Commands>
<Command Action='TouchDown' Id='38' Type='Digital' Value='True' />
<Command Action='TouchUp' Id='38' Type='Digital' Value='False' />
</Commands>
</Control>
</Control>
</File>
