<?xml version='1.0' encoding='ISO-8859-1' ?>
<File Type='Resource' Version='2.1.0'>
<Resources>
<Font Id='1' Size ='16' FaceName='Arial' Weight='700' Bold='True' Italic='False' Underline='False' Strike='False' />
<Font Id='2' Size ='15' FaceName='Arial' Weight='700' Bold='True' Italic='False' Underline='False' Strike='False' />
<Font Id='3' Size ='13' FaceName='Arial' Weight='700' Bold='True' Italic='False' Underline='False' Strike='False' />
<Font Id='4' Size ='24' FaceName='Arial' Weight='400' Bold='False' Italic='False' Underline='False' Strike='False' />
<Font Id='5' Size ='17' FaceName='Arial' Weight='700' Bold='True' Italic='False' Underline='False' Strike='False' />
<Font Id='6' Size ='19' FaceName='Arial' Weight='400' Bold='False' Italic='False' Underline='False' Strike='False' />
<Font Id='7' Size ='27' FaceName='Arial' Weight='400' Bold='False' Italic='False' Underline='False' Strike='False' />
<Font Id='8' Size ='12' FaceName='Arial' Weight='700' Bold='True' Italic='False' Underline='False' Strike='False' />
<Font Id='9' Size ='19' FaceName='Arial' Weight='700' Bold='True' Italic='False' Underline='False' Strike='False' />
<Font Id='10' Size ='23' FaceName='Arial' Weight='700' Bold='True' Italic='False' Underline='False' Strike='False' />
<Font Id='11' Size ='28' FaceName='Arial' Weight='700' Bold='True' Italic='False' Underline='False' Strike='False' />
<Font Id='12' Size ='20' FaceName='Arial' Weight='700' Bold='True' Italic='False' Underline='False' Strike='False' />
<Font Id='13' Size ='11' FaceName='Arial' Weight='700' Bold='True' Italic='False' Underline='False' Strike='False' />
<Font Id='14' Size ='30' FaceName='Arial' Weight='400' Bold='False' Italic='False' Underline='False' Strike='False' />
<Text Id='1'>               Other</Text>
<Text Id='2'>               Climate</Text>
<Text Id='3'>               Lights</Text>
<Text Id='4'>               Audio</Text>
<Text Id='5'>Home</Text>
<Text Id='6'>Climate</Text>
<Text Id='7'>Other</Text>
<Text Id='8'>Scheduler</Text>
<Text Id='9'>No Device</Text>
<Text Id='10'>No Device Assigned</Text>
<Text Id='11'>Add a device here or
remove the button.</Text>
<Text Id='12'>Lights</Text>
<Text Id='13'>Sources</Text>
<Text Id='14'>Room
Select</Text>
<Text Id='15'>ADVANCED</Text>
<Text Id='16'>Sleep</Text>
<Text Id='17'>All
Rooms Off</Text>
<Text Id='18'>Advanced</Text>
<Text Id='19'>Interrupted By:</Text>
<Text Id='20'>Override</Text>
<Text Id='21'>AUDIO</Text>
<Text Id='22'>Please Note:</Text>
<Text Id='23'>Source is in use
by another room:</Text>
<Text Id='24'>LISTEN-ONLY MODE</Text>
<Text Id='25'>Room Select</Text>
<Text Id='26'>Close</Text>
<Text Id='27'>Off</Text>
<Text Id='28'>On</Text>
<Text Id='29'>Sleep Timer</Text>
<Text Id='30'>Vol +</Text>
<Text Id='31'>Mute</Text>
<Text Id='32'>Vol -</Text>
<Text Id='33'>  Back</Text>
<Text Id='34'>THE EVENT
SCHEDULER IS:</Text>
<Text Id='35'>Browse...</Text>
<Text Id='36'>ENABLED 
All ACTIVE events will
be triggered.</Text>
<Text Id='37'>DISABLED
No events will
be triggered.</Text>
<Text Id='38'>Edit...</Text>
<Text Id='39'>Enable</Text>
<Text Id='40'>Disable</Text>
<Text Id='41'>Time:</Text>
<Text Id='42'>X</Text>
<Text Id='43'>Jan</Text>
<Text Id='44'>Feb</Text>
<Text Id='45'>Mar</Text>
<Text Id='46'>Apr</Text>
<Text Id='47'>May</Text>
<Text Id='48'>Jun</Text>
<Text Id='49'>Jul</Text>
<Text Id='50'>Aug</Text>
<Text Id='51'>Sep</Text>
<Text Id='52'>Oct</Text>
<Text Id='53'>Nov</Text>
<Text Id='54'>Dec</Text>
<Text Id='55'>Sun</Text>
<Text Id='56'>Mon</Text>
<Text Id='57'>Tue</Text>
<Text Id='58'>Wed</Text>
<Text Id='59'>Thu</Text>
<Text Id='60'>Fri</Text>
<Text Id='61'>Sat</Text>
<Text Id='62'>Event Name:</Text>
<Text Id='63'>PM</Text>
<Text Id='64'>AM</Text>
<Text Id='65'>Sunset</Text>
<Text Id='66'>Sunrise</Text>
<Text Id='67'>Cancel</Text>
<Text Id='68'>Days</Text>
<Text Id='69'>Months</Text>
<Text Id='70'>Save</Text>
<Text Id='71'>Hour</Text>
<Text Id='72'>Min</Text>
<Text Id='73'>Please select the days of the week
on which this event should occur.</Text>
<Text Id='74'>Time</Text>
<Text Id='75'>Please select the months of the year
on which this event should occur.</Text>
<Text Id='76'>Tuner</Text>
<Text Id='77'>Presets</Text>
<Text Id='78'>Tune</Text>
<Text Id='79'>Scan</Text>
<Text Id='80'>Search</Text>
<Text Id='81'>FM</Text>
<Text Id='82'>Enter</Text>
<Text Id='83'>2</Text>
<Text Id='84'>1</Text>
<Text Id='85'>3</Text>
<Text Id='86'>4</Text>
<Text Id='87'>7</Text>
<Text Id='88'>5</Text>
<Text Id='89'>6</Text>
<Text Id='90'>8</Text>
<Text Id='91'>9</Text>
<Text Id='92'>0</Text>
<Text Id='93'>Ch</Text>
<Text Id='94'>Now
Playing</Text>
<Text Id='95'>Message:</Text>
<Text Id='96'>Genre:</Text>
<Text Id='97'>Name:</Text>
<Text Id='98'>What would you
 like to do?</Text>
<Text Id='99'>Save Current Station
to this Preset</Text>
<Text Id='100'>Clear This Preset</Text>
<Text Id='101'>Tuner Presets:</Text>
<Text Id='102'>iPod
iPod</Text>
<Text Id='103'>Back</Text>
<Text Id='104'>busy...</Text>
<Text Id='105'>Now Playing</Text>
<Text Id='106'>Browse</Text>
<Text Id='107'>Shuffle</Text>
<Text Id='108'>Repeat</Text>
<Text Id='109'>Next Up</Text>
<Text Id='110'>Artist</Text>
<Text Id='111'>Album</Text>
<Text Id='112'>Song</Text>
<Text Id='113'>Q</Text>
<Text Id='114'>W</Text>
<Text Id='115'>E</Text>
<Text Id='116'>R</Text>
<Text Id='117'>T</Text>
<Text Id='118'>Y</Text>
<Text Id='119'>U</Text>
<Text Id='120'>I</Text>
<Text Id='121'>O</Text>
<Text Id='122'>P</Text>
<Text Id='123'>A</Text>
<Text Id='124'>S</Text>
<Text Id='125'>D</Text>
<Text Id='126'>F</Text>
<Text Id='127'>G</Text>
<Text Id='128'>H</Text>
<Text Id='129'>J</Text>
<Text Id='130'>K</Text>
<Text Id='131'>L</Text>
<Text Id='132'>Z</Text>
<Text Id='133'>C</Text>
<Text Id='134'>V</Text>
<Text Id='135'>B</Text>
<Text Id='136'>N</Text>
<Text Id='137'>M</Text>
<Text Id='138'>space</Text>
<Text Id='139'>Clear</Text>
<Text Id='140'>Exit</Text>
<Text Id='141'>iPod:
READING MEDIA 
LIBRARY</Text>
<Image Id='1' Native='True' Path='~ZPBI_Media_BG.png' Format='png'>
<Size Units='Pixels' Width='320' Height='460' />
</Image>
<Image Id='2' Native='True' Path='~ZPBI_ScrollingListButton_I.png' Format='png'>
<Size Units='Pixels' Width='320' Height='58' />
</Image>
<Image Id='3' Native='True' Path='~ZPBI_ScrollingListButton_A.png' Format='png'>
<Size Units='Pixels' Width='320' Height='58' />
</Image>
<Image Id='4' Native='True' Path='~ZPBI_HeaderFooterBar.png' Format='png'>
<Size Units='Pixels' Width='320' Height='46' />
</Image>
<Image Id='5' Native='True' Path='HomePageIcons_Audio.png' Format='png'>
<Size Units='Pixels' Width='64' Height='64' />
</Image>
<Image Id='6' Native='True' Path='~ZPBI_Lights.png' Format='png'>
<Size Units='Pixels' Width='75' Height='75' />
</Image>
<Image Id='7' Native='True' Path='~ZPBI_Climate.png' Format='png'>
<Size Units='Pixels' Width='75' Height='75' />
</Image>
<Image Id='8' Native='True' Path='HomePageIcons_Other.png' Format='png'>
<Size Units='Pixels' Width='64' Height='64' />
</Image>
<Image Id='9' Native='True' Path='~ZPBI_HeadeFooterField.png' Format='png'>
<Size Units='Pixels' Width='160' Height='34' />
</Image>
<Image Id='10' Native='True' Path='~ZPBI_ClimateBG.png' Format='png'>
<Size Units='Pixels' Width='320' Height='460' />
</Image>
<Image Id='11' Native='True' Path='~ZPBI_Environment_bkg.png' Format='png'>
<Size Units='Pixels' Width='320' Height='460' />
</Image>
<Image Id='12' Native='True' Path='MainNavigationBar_Transparent2_320X48.png' Format='png'>
<Size Units='Pixels' Width='320' Height='48' />
</Image>
<Image Id='13' Native='True' Path='~ZPBI_StandardMedium_I.png' Format='png'>
<Size Units='Pixels' Width='78' Height='40' />
</Image>
<Image Id='14' Native='True' Path='~ZPBI_StandardMedium_A.png' Format='png'>
<Size Units='Pixels' Width='78' Height='40' />
</Image>
<Image Id='15' Native='True' Path='~ZPBI_Glass_PopUp.png' Format='png'>
<Size Units='Pixels' Width='300' Height='260' />
</Image>
<Image Id='16' Native='True' Path='~ZPBI_Lights_bkg.png' Format='png'>
<Size Units='Pixels' Width='320' Height='460' />
</Image>
<Image Id='17' Native='True' Path='~ZPBI_StandardLarge_I.png' Format='png'>
<Size Units='Pixels' Width='100' Height='50' />
</Image>
<Image Id='18' Native='True' Path='~ZPBI_StandardLarge_A.png' Format='png'>
<Size Units='Pixels' Width='100' Height='50' />
</Image>
<Image Id='19' Native='True' Path='~ZPBI_CrestronLogo.png' Format='png'>
<Size Units='Pixels' Width='78' Height='46' />
</Image>
<Image Id='20' Native='True' Path='~ZPBI_ScrollListHeaderBar.png' Format='png'>
<Size Units='Pixels' Width='320' Height='40' />
</Image>
<Image Id='21' Native='True' Path='~ZPBI_ScrollListFooterBar.png' Format='png'>
<Size Units='Pixels' Width='320' Height='58' />
</Image>
<Image Id='22' Native='True' Path='~ZPBI_ScrollUp_I.png' Format='png'>
<Size Units='Pixels' Width='64' Height='64' />
</Image>
<Image Id='23' Native='True' Path='~ZPBI_ScrollUp_A.png' Format='png'>
<Size Units='Pixels' Width='64' Height='64' />
</Image>
<Image Id='24' Native='True' Path='~ZPBI_ScrollDown_I.png' Format='png'>
<Size Units='Pixels' Width='64' Height='64' />
</Image>
<Image Id='25' Native='True' Path='~ZPBI_ScrollDown_A.png' Format='png'>
<Size Units='Pixels' Width='64' Height='64' />
</Image>
<Image Id='26' Native='True' Path='~ZPBI_Glass_PopUp_Red.png' Format='png'>
<Size Units='Pixels' Width='300' Height='260' />
</Image>
<Image Id='27' Native='True' Path='~ZPBI_Power_I.png' Format='png'>
<Size Units='Pixels' Width='44' Height='44' />
</Image>
<Image Id='28' Native='True' Path='~ZPBI_Power_A.png' Format='png'>
<Size Units='Pixels' Width='44' Height='44' />
</Image>
<Image Id='29' Native='True' Path='FewBKG_Pop_Up.png' Format='png'>
<Size Units='Pixels' Width='320' Height='460' />
</Image>
<Image Id='30' Native='True' Path='~ZPBI_Glass_PopUp_Blue.png' Format='png'>
<Size Units='Pixels' Width='300' Height='260' />
</Image>
<Image Id='31' Native='True' Path='~ZPBI_StandartLong_I.png' Format='png'>
<Size Units='Pixels' Width='160' Height='34' />
</Image>
<Image Id='32' Native='True' Path='~ZPBI_StandartLong_A.png' Format='png'>
<Size Units='Pixels' Width='160' Height='34' />
</Image>
<Image Id='33' Native='True' Path='~ZPBI_HeaderFooterButton_I.png' Format='png'>
<Size Units='Pixels' Width='58' Height='32' />
</Image>
<Image Id='34' Native='True' Path='~ZPBI_HeaderFooterButton_A.png' Format='png'>
<Size Units='Pixels' Width='58' Height='32' />
</Image>
<Image Id='35' Native='True' Path='~ZPBI_Home_I.png' Format='png'>
<Size Units='Pixels' Width='44' Height='44' />
</Image>
<Image Id='36' Native='True' Path='~ZPBI_Home_A.png' Format='png'>
<Size Units='Pixels' Width='44' Height='44' />
</Image>
<Image Id='37' Native='True' Path='Back_Button2_I.png' Format='png'>
<Size Units='Pixels' Width='60' Height='32' />
</Image>
<Image Id='38' Native='True' Path='Back_A.png' Format='png'>
<Size Units='Pixels' Width='60' Height='32' />
</Image>
<Image Id='39' Native='True' Path='Scrolling _List_Play_I.png' Format='png'>
<Size Units='Pixels' Width='50' Height='58' />
</Image>
<Image Id='40' Native='True' Path='Scrolling _List_Play_A.png' Format='png'>
<Size Units='Pixels' Width='50' Height='58' />
</Image>
<Image Id='41' Native='True' Path='Overlay bg.png' Format='png'>
<Size Units='Pixels' Width='320' Height='460' />
</Image>
<Image Id='42' Native='True' Path='~ZPBI_Blue_Field.png' Format='png'>
<Size Units='Pixels' Width='320' Height='34' />
</Image>
<Image Id='43' Native='True' Path='~ZPBI_Keyboard_Generic_Key_I.png' Format='png'>
<Size Units='Pixels' Width='30' Height='36' />
</Image>
<Image Id='44' Native='True' Path='~ZPBI_Keyboard_Generic_Key_A.png' Format='png'>
<Size Units='Pixels' Width='30' Height='36' />
</Image>
<Image Id='45' Native='True' Path='~ZPBI_RW_Home_I.png' Format='png'>
<Size Units='Pixels' Width='65' Height='45' />
</Image>
<Image Id='46' Native='True' Path='~ZPBI_RW_Home_A.png' Format='png'>
<Size Units='Pixels' Width='65' Height='45' />
</Image>
<Image Id='47' Native='True' Path='~ZPBI_RW_I.png' Format='png'>
<Size Units='Pixels' Width='65' Height='45' />
</Image>
<Image Id='48' Native='True' Path='~ZPBI_RW_A.png' Format='png'>
<Size Units='Pixels' Width='65' Height='45' />
</Image>
<Image Id='49' Native='True' Path='~ZPBI_FF_I.png' Format='png'>
<Size Units='Pixels' Width='65' Height='45' />
</Image>
<Image Id='50' Native='True' Path='~ZPBI_FF_A.png' Format='png'>
<Size Units='Pixels' Width='65' Height='45' />
</Image>
<Image Id='51' Native='True' Path='~ZPBI_FF_End_I.png' Format='png'>
<Size Units='Pixels' Width='65' Height='45' />
</Image>
<Image Id='52' Native='True' Path='DirecTV_FF_Home_65X65_A.png' Format='png'>
<Size Units='Pixels' Width='65' Height='45' />
</Image>
<Image Id='53' Native='True' Path='~ZPBI_ScrollListHeader.png' Format='png'>
<Size Units='Pixels' Width='320' Height='98' />
</Image>
<Image Id='54' Native='True' Path='ScrollListLeftButton_I.png' Format='png'>
<Size Units='Pixels' Width='40' Height='40' />
</Image>
<Image Id='55' Native='True' Path='ScrollListLeftButton_A.png' Format='png'>
<Size Units='Pixels' Width='40' Height='40' />
</Image>
<Image Id='56' Native='True' Path='ScrollListRightButton_I.png' Format='png'>
<Size Units='Pixels' Width='40' Height='40' />
</Image>
<Image Id='57' Native='True' Path='ScrollListRightButton_A.png' Format='png'>
<Size Units='Pixels' Width='40' Height='40' />
</Image>
<Image Id='58' Native='True' Path='~ZPBI_ScrollHome_I.png' Format='png'>
<Size Units='Pixels' Width='64' Height='64' />
</Image>
<Image Id='59' Native='True' Path='~ZPBI_ScrollHome_A.png' Format='png'>
<Size Units='Pixels' Width='64' Height='64' />
</Image>
<Image Id='60' Native='True' Path='~ZPBI_ScrollEnd_I.png' Format='png'>
<Size Units='Pixels' Width='64' Height='64' />
</Image>
<Image Id='61' Native='True' Path='~ZPBI_ScrollEnd_A.png' Format='png'>
<Size Units='Pixels' Width='64' Height='64' />
</Image>
<Image Id='62' Native='True' Path='Loading_graphic_frame.png' Format='png'>
<Size Units='Pixels' Width='310' Height='60' />
</Image>
<Image Id='63' Native='True' Path='BisySwirl0001.png' Format='png'>
<Size Units='Pixels' Width='40' Height='40' />
</Image>
<Image Id='64' Native='True' Path='BisySwirl0002.png' Format='png'>
<Size Units='Pixels' Width='40' Height='40' />
</Image>
<Image Id='65' Native='True' Path='BisySwirl0003.png' Format='png'>
<Size Units='Pixels' Width='40' Height='40' />
</Image>
<Image Id='66' Native='True' Path='BisySwirl0004.png' Format='png'>
<Size Units='Pixels' Width='40' Height='40' />
</Image>
<Image Id='67' Native='True' Path='BisySwirl0005.png' Format='png'>
<Size Units='Pixels' Width='40' Height='40' />
</Image>
<Image Id='68' Native='True' Path='BisySwirl0006.png' Format='png'>
<Size Units='Pixels' Width='40' Height='40' />
</Image>
<Image Id='69' Native='True' Path='BisySwirl0007.png' Format='png'>
<Size Units='Pixels' Width='40' Height='40' />
</Image>
<Image Id='70' Native='True' Path='Loading_graphic_Highlite.png' Format='png'>
<Size Units='Pixels' Width='310' Height='60' />
</Image>
<Image Id='71' Native='True' Path='~ZPBI_Transport_Play_I.png' Format='png'>
<Size Units='Pixels' Width='63' Height='63' />
</Image>
<Image Id='72' Native='True' Path='~ZPBI_Transport_Play_A.png' Format='png'>
<Size Units='Pixels' Width='63' Height='63' />
</Image>
<Image Id='73' Native='True' Path='~ZPBI_Transport_FW_I.png' Format='png'>
<Size Units='Pixels' Width='63' Height='63' />
</Image>
<Image Id='74' Native='True' Path='~ZPBI_Transport_FW_A.png' Format='png'>
<Size Units='Pixels' Width='63' Height='63' />
</Image>
<Image Id='75' Native='True' Path='~ZPBI_Transport_PAUSE_I.png' Format='png'>
<Size Units='Pixels' Width='63' Height='63' />
</Image>
<Image Id='76' Native='True' Path='~ZPBI_Transport_PAUSE_A.png' Format='png'>
<Size Units='Pixels' Width='63' Height='63' />
</Image>
<Image Id='77' Native='True' Path='~ZPBI_Transport_STOP_I.png' Format='png'>
<Size Units='Pixels' Width='63' Height='63' />
</Image>
<Image Id='78' Native='True' Path='~ZPBI_Transport_STOP_A.png' Format='png'>
<Size Units='Pixels' Width='63' Height='63' />
</Image>
<Image Id='79' Native='True' Path='~ZPBI_Transport_RW_I.png' Format='png'>
<Size Units='Pixels' Width='63' Height='63' />
</Image>
<Image Id='80' Native='True' Path='~ZPBI_Transport_RW_A.png' Format='png'>
<Size Units='Pixels' Width='63' Height='63' />
</Image>
<Image Id='81' Native='True' Path='~ZPBI_Keyboard_Back_Key_I.png' Format='png'>
<Size Units='Pixels' Width='46' Height='36' />
</Image>
<Image Id='82' Native='True' Path='~ZPBI_Keyboard_Back_Key_A.png' Format='png'>
<Size Units='Pixels' Width='46' Height='36' />
</Image>
<Image Id='83' Native='True' Path='~ZPBI_Keyboard_Space_Key_I.png' Format='png'>
<Size Units='Pixels' Width='154' Height='36' />
</Image>
<Image Id='84' Native='True' Path='~ZPBI_Keyboard_Space_Key_A.png' Format='png'>
<Size Units='Pixels' Width='154' Height='36' />
</Image>
</Resources>
</File>
